,token_i,token_text,token_lemma_,token_is_punct,token_is_stop,token_morph,token_pos_,token_tag_,token_dep_,token_head,token_head_i,token_ent_type_
0,0,Usually,usually,False,False,,ADV,RB,advmod,got,5,
1,1,",",",",True,False,PunctType=Comm,PUNCT,",",punct,got,5,
2,2,Abby,Abby,False,False,Number=Sing,PROPN,NNP,poss,mom,4,PERSON
3,3,'s,'s,False,True,,PART,POS,case,Abby,2,
4,4,mom,mom,False,False,Number=Sing,NOUN,NN,nsubj,got,5,
5,5,got,get,False,False,Tense=Past|VerbForm=Fin,VERB,VBD,ROOT,got,5,
6,6,up,up,False,True,,ADP,RP,prt,got,5,
7,7,at,at,False,True,,ADP,IN,prep,got,5,
8,8,the,the,False,True,Definite=Def|PronType=Art,DET,DT,det,crack,9,
9,9,crack,crack,False,False,Number=Sing,NOUN,NN,pobj,at,7,
10,10,of,of,False,True,,ADP,IN,prep,crack,9,
11,11,dawn,dawn,False,False,Number=Sing,NOUN,NN,pobj,of,10,
12,12,",",",",True,False,PunctType=Comm,PUNCT,",",punct,got,5,
13,13,but,but,False,True,ConjType=Cmp,CCONJ,CC,cc,got,5,
14,14,it,it,False,True,Case=Nom|Gender=Neut|Number=Sing|Person=3|PronType=Prs,PRON,PRP,nsubj,was,15,
15,15,was,be,False,True,Mood=Ind|Number=Sing|Person=3|Tense=Past|VerbForm=Fin,AUX,VBD,conj,got,5,
16,16,Abby,Abby,False,False,Number=Sing,PROPN,NNP,attr,was,15,PERSON
17,17,who,who,False,True,,PRON,WP,nsubj,jumped,18,
18,18,jumped,jump,False,False,Tense=Past|VerbForm=Fin,VERB,VBD,ccomp,was,15,
19,19,out,out,False,True,,ADP,IN,prep,jumped,18,
20,20,of,of,False,True,,ADP,IN,prep,out,19,
21,21,bed,bed,False,False,Number=Sing,NOUN,NN,pobj,of,20,
22,22,first,first,False,True,,ADV,RB,advmod,jumped,18,ORDINAL
23,23,the,the,False,True,Definite=Def|PronType=Art,DET,DT,det,morning,25,
24,24,next,next,False,True,Degree=Pos,ADJ,JJ,amod,morning,25,
25,25,morning,morning,False,False,Number=Sing,NOUN,NN,npadvmod,jumped,18,
26,26,and,and,False,True,ConjType=Cmp,CCONJ,CC,cc,jumped,18,
27,27,switched,switch,False,False,Tense=Past|VerbForm=Fin,VERB,VBD,conj,jumped,18,
28,28,on,on,False,True,,ADP,IN,prep,switched,27,
29,29,the,the,False,True,Definite=Def|PronType=Art,DET,DT,det,light,30,
30,30,light,light,False,False,Number=Sing,NOUN,NN,pobj,on,28,
31,31,in,in,False,True,,ADP,IN,prep,switched,27,
32,32,her,her,False,True,Gender=Fem|Number=Sing|Person=3|Poss=Yes|PronType=Prs,PRON,PRP$,poss,tank,34,
33,33,fish,fish,False,False,Number=Sing,NOUN,NN,compound,tank,34,
34,34,tank,tank,False,False,Number=Sing,NOUN,NN,pobj,in,31,
35,35,",",",",True,False,PunctType=Comm,PUNCT,",",punct,tank,34,
36,36,which,which,False,True,,PRON,WDT,nsubj,contained,37,
37,37,contained,contain,False,False,Tense=Past|VerbForm=Fin,VERB,VBD,relcl,tank,34,
38,38,three,three,False,True,NumType=Card,NUM,CD,nummod,fish,39,CARDINAL
39,39,fish,fish,False,False,Number=Sing,NOUN,NN,dobj,contained,37,
40,40,.,.,True,False,PunctType=Peri,PUNCT,.,punct,was,15,
41,41,At,at,False,True,,ADP,IN,prep,see,46,
42,42,first,first,False,True,,ADV,RB,pcomp,At,41,ORDINAL
43,43,",",",",True,False,PunctType=Comm,PUNCT,",",punct,see,46,
44,44,she,she,False,True,Case=Nom|Gender=Fem|Number=Sing|Person=3|PronType=Prs,PRON,PRP,nsubj,see,46,
45,45,could,could,False,True,VerbForm=Fin,AUX,MD,aux,see,46,
46,46,see,see,False,True,VerbForm=Inf,VERB,VB,ROOT,see,46,
47,47,neither,neither,False,True,ConjType=Cmp,CCONJ,CC,preconj,hide,48,
48,48,hide,hide,False,False,Number=Sing,NOUN,NN,dobj,see,46,
49,49,nor,nor,False,True,ConjType=Cmp,CCONJ,CC,cc,hide,48,
50,50,hair,hair,False,False,Number=Sing,NOUN,NN,conj,hide,48,
51,51,of,of,False,True,,ADP,IN,prep,hide,48,
52,52,the,the,False,True,Definite=Def|PronType=Art,DET,DT,det,snail,53,
53,53,snail,snail,False,False,Number=Sing,NOUN,NN,pobj,of,51,
54,54,",",",",True,False,PunctType=Comm,PUNCT,",",punct,see,46,
55,55,but,but,False,True,ConjType=Cmp,CCONJ,CC,cc,see,46,
56,56,then,then,False,True,PronType=Dem,ADV,RB,advmod,spotted,58,
57,57,she,she,False,True,Case=Nom|Gender=Fem|Number=Sing|Person=3|PronType=Prs,PRON,PRP,nsubj,spotted,58,
58,58,spotted,spot,False,False,Tense=Past|VerbForm=Fin,VERB,VBD,conj,see,46,
59,59,him,he,False,True,Case=Acc|Gender=Masc|Number=Sing|Person=3|PronType=Prs,PRON,PRP,dobj,spotted,58,
60,60,.,.,True,False,PunctType=Peri,PUNCT,.,punct,spotted,58,
61,61,It,it,False,True,Case=Nom|Gender=Neut|Number=Sing|Person=3|PronType=Prs,PRON,PRP,nsubj,taken,63,
62,62,had,have,False,True,Tense=Past|VerbForm=Fin,AUX,VBD,aux,taken,63,
63,63,taken,take,False,False,Aspect=Perf|Tense=Past|VerbForm=Part,VERB,VBN,ROOT,taken,63,
64,64,Abby,Abby,False,False,Number=Sing,PROPN,NNP,dobj,taken,63,PERSON
65,65,a,a,False,True,Definite=Ind|PronType=Art,DET,DT,det,while,66,
66,66,while,while,False,True,Number=Sing,NOUN,NN,dobj,taken,63,
67,67,to,to,False,True,,PART,TO,aux,find,68,
68,68,find,find,False,False,VerbForm=Inf,VERB,VB,advcl,taken,63,
69,69,Sticky,Sticky,False,False,Number=Sing,PROPN,NNP,dobj,find,68,
70,70,because,because,False,True,,SCONJ,IN,mark,clinging,73,
71,71,he,he,False,True,Case=Nom|Gender=Masc|Number=Sing|Person=3|PronType=Prs,PRON,PRP,nsubj,clinging,73,
72,72,was,be,False,True,Mood=Ind|Number=Sing|Person=3|Tense=Past|VerbForm=Fin,AUX,VBD,aux,clinging,73,
73,73,clinging,cling,False,False,Aspect=Prog|Tense=Pres|VerbForm=Part,VERB,VBG,advcl,find,68,
74,74,to,to,False,True,,ADP,IN,prep,clinging,73,
75,75,the,the,False,True,Definite=Def|PronType=Art,DET,DT,det,glass,76,
76,76,glass,glass,False,False,Number=Sing,NOUN,NN,pobj,to,74,
77,77,near,near,False,False,,ADP,IN,prep,glass,76,
78,78,the,the,False,True,Definite=Def|PronType=Art,DET,DT,det,bottom,79,
79,79,bottom,bottom,False,True,Number=Sing,NOUN,NN,pobj,near,77,
80,80,",",",",True,False,PunctType=Comm,PUNCT,",",punct,taken,63,
81,81,right,right,False,False,,ADV,RB,advmod,next,82,
82,82,next,next,False,True,,ADV,RB,advmod,taken,63,
83,83,to,to,False,True,,ADP,IN,prep,next,82,
84,84,the,the,False,True,Definite=Def|PronType=Art,DET,DT,det,gravel,85,
85,85,gravel,gravel,False,False,Number=Sing,NOUN,NN,pobj,to,83,
86,86,.,.,True,False,PunctType=Peri,PUNCT,.,punct,taken,63,
87,87,At,at,False,True,,ADP,IN,prep,wrote,99,
88,88,school,school,False,False,Number=Sing,NOUN,NN,pobj,At,87,
89,89,that,that,False,True,Number=Sing|PronType=Dem,DET,DT,det,day,90,
90,90,day,day,False,False,Number=Sing,NOUN,NN,npadvmod,school,88,
91,91,",",",",True,False,PunctType=Comm,PUNCT,",",punct,wrote,99,
92,92,Abby,Abby,False,False,Number=Sing,PROPN,NNP,nsubj,wrote,99,PERSON
93,93,",",",",True,False,PunctType=Comm,PUNCT,",",punct,wrote,99,
94,94,encouraged,encourage,False,False,Aspect=Perf|Tense=Past|VerbForm=Part,VERB,VBN,advcl,wrote,99,
95,95,by,by,False,True,,ADP,IN,agent,encouraged,94,
96,96,her,her,False,True,Gender=Fem|Number=Sing|Person=3|Poss=Yes|PronType=Prs,PRON,PRP$,poss,teacher,97,
97,97,teacher,teacher,False,False,Number=Sing,NOUN,NN,pobj,by,95,
98,98,",",",",True,False,PunctType=Comm,PUNCT,",",punct,wrote,99,
99,99,wrote,write,False,False,Tense=Past|VerbForm=Fin,VERB,VBD,ROOT,wrote,99,
100,100,excitedly,excitedly,False,False,,ADV,RB,advmod,wrote,99,
101,101,about,about,False,True,,ADP,IN,prep,wrote,99,
102,102,the,the,False,True,Definite=Def|PronType=Art,DET,DT,det,Sticky,107,
103,103,small,small,False,False,Degree=Pos,ADJ,JJ,amod,Sticky,107,
104,104,and,and,False,True,ConjType=Cmp,CCONJ,CC,cc,small,103,
105,105,mysterious,mysterious,False,False,Degree=Pos,ADJ,JJ,conj,small,103,
106,106,Mr,Mr,False,False,Number=Sing,PROPN,NNP,compound,Sticky,107,PERSON
107,107,Sticky,Sticky,False,False,Number=Sing,PROPN,NNP,pobj,about,101,PERSON
108,108,",",",",True,False,PunctType=Comm,PUNCT,",",punct,Sticky,107,
109,109,who,who,False,True,,PRON,WP,dobj,mistake,112,
110,110,you,you,False,True,Case=Nom|Person=2|PronType=Prs,PRON,PRP,nsubj,mistake,112,
111,111,could,could,False,True,VerbForm=Fin,AUX,MD,aux,mistake,112,
112,112,mistake,mistake,False,False,VerbForm=Inf,VERB,VB,relcl,Sticky,107,
113,113,for,for,False,True,,ADP,IN,prep,mistake,112,
114,114,a,a,False,True,Definite=Ind|PronType=Art,DET,DT,det,piece,115,
115,115,piece,piece,False,False,Number=Sing,NOUN,NN,pobj,for,113,
116,116,of,of,False,True,,ADP,IN,prep,piece,115,
117,117,gravel,gravel,False,False,Number=Sing,NOUN,NN,pobj,of,116,
118,118,.,.,True,False,PunctType=Peri,PUNCT,.,punct,wrote,99,
119,119,He,he,False,True,Case=Nom|Gender=Masc|Number=Sing|Person=3|PronType=Prs,PRON,PRP,nsubj,seemed,120,
120,120,seemed,seem,False,True,Tense=Past|VerbForm=Fin,VERB,VBD,ccomp,teased,134,
121,121,an,an,False,True,Definite=Ind|PronType=Art,DET,DT,det,pet,123,
122,122,ideal,ideal,False,False,Degree=Pos,ADJ,JJ,amod,pet,123,
123,123,pet,pet,False,False,Number=Sing,NOUN,NN,oprd,seemed,120,
124,124,for,for,False,True,,ADP,IN,prep,pet,123,
125,125,her,she,False,True,Case=Acc|Gender=Fem|Number=Sing|Person=3|PronType=Prs,PRON,PRP,pobj,for,124,
126,126,",",",",True,False,PunctType=Comm,PUNCT,",",punct,teased,134,
127,127,some,some,False,True,,PRON,DT,nsubj,teased,134,
128,128,of,of,False,True,,ADP,IN,prep,some,127,
129,129,the,the,False,True,Definite=Def|PronType=Art,DET,DT,det,girls,130,
130,130,girls,girl,False,False,Number=Plur,NOUN,NNS,pobj,of,128,
131,131,in,in,False,True,,ADP,IN,prep,girls,130,
132,132,her,her,False,True,Gender=Fem|Number=Sing|Person=3|Poss=Yes|PronType=Prs,PRON,PRP$,poss,class,133,
133,133,class,class,False,False,Number=Sing,NOUN,NN,pobj,in,131,
134,134,teased,tease,False,False,Tense=Past|VerbForm=Fin,VERB,VBD,ROOT,teased,134,
135,135,",",",",True,False,PunctType=Comm,PUNCT,",",punct,teased,134,
136,136,because,because,False,True,,SCONJ,IN,mark,was,138,
137,137,Abby,Abby,False,False,Number=Sing,PROPN,NNP,nsubj,was,138,PERSON
138,138,was,be,False,True,Mood=Ind|Number=Sing|Person=3|Tense=Past|VerbForm=Fin,AUX,VBD,advcl,teased,134,
139,139,also,also,False,True,,ADV,RB,advmod,was,138,
140,140,very,very,False,True,,ADV,RB,advmod,small,141,
141,141,small,small,False,False,Degree=Pos,ADJ,JJ,acomp,was,138,
142,142,.,.,True,False,PunctType=Peri,PUNCT,.,punct,teased,134,
143,143,That,that,False,True,Number=Sing|PronType=Dem,DET,DT,det,evening,144,TIME
144,144,evening,evening,False,False,Number=Sing,NOUN,NN,npadvmod,turned,147,TIME
145,145,",",",",True,False,PunctType=Comm,PUNCT,",",punct,turned,147,
146,146,Abby,Abby,False,False,Number=Sing,PROPN,NNP,nsubj,turned,147,PERSON
147,147,turned,turn,False,False,Tense=Past|VerbForm=Fin,VERB,VBD,ROOT,turned,147,
148,148,on,on,False,True,,ADP,RP,prt,turned,147,
149,149,the,the,False,True,Definite=Def|PronType=Art,DET,DT,det,light,150,
150,150,light,light,False,False,Number=Sing,NOUN,NN,dobj,turned,147,
151,151,and,and,False,True,ConjType=Cmp,CCONJ,CC,cc,turned,147,
152,152,found,find,False,False,Tense=Past|VerbForm=Fin,VERB,VBD,conj,turned,147,
153,153,Mr,Mr,False,False,Number=Sing,PROPN,NNP,compound,Sticky,154,
154,154,Sticky,Sticky,False,False,Number=Sing,PROPN,NNP,nsubj,clinging,155,
155,155,clinging,cling,False,False,Aspect=Prog|Tense=Pres|VerbForm=Part,VERB,VBG,ccomp,found,152,
156,156,to,to,False,True,,ADP,IN,prep,clinging,155,
157,157,the,the,False,True,Definite=Def|PronType=Art,DET,DT,det,weed,159,
158,158,pond,pond,False,False,Number=Sing,NOUN,NN,compound,weed,159,
159,159,weed,weed,False,False,Number=Sing,NOUN,NN,pobj,to,156,
160,160,and,and,False,True,ConjType=Cmp,CCONJ,CC,cc,to,156,
161,161,bobbing,bob,False,False,Aspect=Prog|Tense=Pres|VerbForm=Part,VERB,VBG,conj,to,156,
162,162,about,about,False,True,,ADP,IN,prt,bobbing,161,
163,163,in,in,False,True,,ADP,IN,prep,bobbing,161,
164,164,the,the,False,True,Definite=Def|PronType=Art,DET,DT,det,bubbles,166,
165,165,air,air,False,False,Number=Sing,NOUN,NN,compound,bubbles,166,
166,166,bubbles,bubble,False,False,Number=Plur,NOUN,NNS,pobj,in,163,
167,167,.,.,True,False,PunctType=Peri,PUNCT,.,punct,turned,147,
168,168,',',True,False,PunctSide=Fin|PunctType=Quot,PUNCT,'',punct,looks,170,
169,169,That,that,False,True,Number=Sing|PronType=Dem,PRON,DT,nsubj,looks,170,
170,170,looks,look,False,False,Number=Sing|Person=3|Tense=Pres|VerbForm=Fin,VERB,VBZ,ROOT,looks,170,
171,171,fun,fun,False,False,Degree=Pos,ADJ,JJ,acomp,looks,170,
172,172,!,!,True,False,PunctType=Peri,PUNCT,.,punct,looks,170,
173,173,',',True,False,PunctSide=Fin|PunctType=Quot,PUNCT,'',punct,looks,170,
174,174,Abby,Abby,False,False,Number=Sing,PROPN,NNP,nsubj,exclaimed,175,PERSON
175,175,exclaimed,exclaim,False,False,Tense=Past|VerbForm=Fin,VERB,VBD,ROOT,exclaimed,175,
176,176,.,.,True,False,PunctType=Peri,PUNCT,.,punct,exclaimed,175,
177,177,She,she,False,True,Case=Nom|Gender=Fem|Number=Sing|Person=3|PronType=Prs,PRON,PRP,nsubj,tried,178,
178,178,tried,try,False,False,Tense=Past|VerbForm=Fin,VERB,VBD,ROOT,tried,178,
179,179,to,to,False,True,,PART,TO,aux,imagine,180,
180,180,imagine,imagine,False,False,VerbForm=Inf,VERB,VB,xcomp,tried,178,
181,181,what,what,False,True,,PRON,WP,pobj,like,185,
182,182,it,it,False,True,Case=Nom|Gender=Neut|Number=Sing|Person=3|PronType=Prs,PRON,PRP,nsubj,be,184,
183,183,must,must,False,True,VerbForm=Fin,AUX,MD,aux,be,184,
184,184,be,be,False,True,VerbForm=Inf,AUX,VB,ccomp,imagine,180,
185,185,like,like,False,False,,ADP,IN,prep,be,184,
186,186,to,to,False,True,,PART,TO,aux,have,187,
187,187,have,have,False,True,VerbForm=Inf,VERB,VB,xcomp,be,184,
188,188,to,to,False,True,,PART,TO,aux,hang,189,
189,189,hang,hang,False,False,VerbForm=Inf,VERB,VB,xcomp,have,187,
190,190,on,on,False,True,,ADP,RP,prt,hang,189,
191,191,to,to,False,True,,ADP,IN,prep,hang,189,
192,192,things,thing,False,False,Number=Plur,NOUN,NNS,pobj,to,191,
193,193,all,all,False,True,,DET,DT,det,day,194,
194,194,day,day,False,False,Number=Sing,NOUN,NN,npadvmod,hang,189,
195,195,and,and,False,True,ConjType=Cmp,CCONJ,CC,cc,tried,178,
196,196,decided,decide,False,False,Tense=Past|VerbForm=Fin,VERB,VBD,conj,tried,178,
197,197,the,the,False,True,Definite=Def|PronType=Art,DET,DT,det,answer,198,
198,198,answer,answer,False,False,Number=Sing,NOUN,NN,nsubj,was,199,
199,199,was,be,False,True,Mood=Ind|Number=Sing|Person=3|Tense=Past|VerbForm=Fin,AUX,VBD,ccomp,decided,196,
200,200,that,that,False,True,,SCONJ,IN,mark,was,202,
201,201,it,it,False,True,Case=Nom|Gender=Neut|Number=Sing|Person=3|PronType=Prs,PRON,PRP,nsubj,was,202,
202,202,was,be,False,True,Mood=Ind|Number=Sing|Person=3|Tense=Past|VerbForm=Fin,AUX,VBD,ccomp,was,199,
203,203,probably,probably,False,False,,ADV,RB,advmod,was,202,
204,204,very,very,False,True,,ADV,RB,advmod,tiring,205,
205,205,tiring,tiring,False,False,Degree=Pos,ADJ,JJ,acomp,was,202,
206,206,.,.,True,False,PunctType=Peri,PUNCT,.,punct,tried,178,
207,207,Abby,Abby,False,False,Number=Sing,PROPN,NNP,nsubj,told,208,PERSON
208,208,told,tell,False,False,Tense=Past|VerbForm=Fin,VERB,VBD,ROOT,told,208,
209,209,her,her,False,True,Gender=Fem|Number=Sing|Person=3|Poss=Yes|PronType=Prs,PRON,PRP$,poss,mom,210,
210,210,mom,mom,False,False,Number=Sing,NOUN,NN,dobj,told,208,
211,211,that,that,False,True,PronType=Rel,PRON,WDT,dobj,grown,216,
212,212,she,she,False,True,Case=Nom|Gender=Fem|Number=Sing|Person=3|PronType=Prs,PRON,PRP,nsubj,thought,213,
213,213,thought,think,False,False,Tense=Past|VerbForm=Fin,VERB,VBD,ccomp,told,208,
214,214,Sticky,Sticky,False,False,Number=Sing,PROPN,NNP,nsubj,grown,216,PRODUCT
215,215,had,have,False,True,Tense=Past|VerbForm=Fin,AUX,VBD,aux,grown,216,
216,216,grown,grow,False,False,Aspect=Perf|Tense=Past|VerbForm=Part,VERB,VBN,ccomp,thought,213,
217,217,a,a,False,True,Definite=Ind|PronType=Art,DET,DT,det,bit,218,
218,218,bit,bit,False,False,Number=Sing,NOUN,NN,npadvmod,grown,216,
219,219,the,the,False,True,Definite=Def|PronType=Art,DET,DT,det,day,221,DATE
220,220,next,next,False,True,Degree=Pos,ADJ,JJ,amod,day,221,DATE
221,221,day,day,False,False,Number=Sing,NOUN,NN,npadvmod,grown,216,DATE
222,222,at,at,False,True,,ADP,IN,prep,grown,216,
223,223,breakfast,breakfast,False,False,Number=Sing,NOUN,NN,pobj,at,222,
224,224,.,.,True,False,PunctType=Peri,PUNCT,.,punct,told,208,
225,225,',',True,False,PunctSide=Fin|PunctType=Quot,PUNCT,'',punct,responded,243,
226,226,Just,just,False,True,,ADV,RB,advmod,well,228,
227,227,as,as,False,True,,ADV,RB,advmod,well,228,
228,228,well,well,False,True,Degree=Pos,ADV,RB,advmod,responded,243,
229,229,if,if,False,True,,SCONJ,IN,mark,going,232,
230,230,he,he,False,True,Case=Nom|Gender=Masc|Number=Sing|Person=3|PronType=Prs,PRON,PRP,nsubj,going,232,
231,231,'s,be,False,True,Mood=Ind|Number=Sing|Person=3|Tense=Pres|VerbForm=Fin,AUX,VBZ,aux,going,232,
232,232,going,go,False,False,Aspect=Prog|Tense=Pres|VerbForm=Part,VERB,VBG,advcl,responded,243,
233,233,to,to,False,True,,PART,TO,aux,gobbled,235,
234,234,be,be,False,True,VerbForm=Inf,AUX,VB,auxpass,gobbled,235,
235,235,gobbled,gobble,False,False,Aspect=Perf|Tense=Past|VerbForm=Part,VERB,VBN,xcomp,going,232,
236,236,up,up,False,True,,ADP,RP,prt,gobbled,235,
237,237,like,like,False,False,,ADP,IN,prep,gobbled,235,
238,238,that,that,False,True,Number=Sing|PronType=Dem,PRON,DT,pobj,like,237,
239,239,",",",",True,False,PunctType=Comm,PUNCT,",",punct,responded,243,
240,240,',',True,False,PunctSide=Fin|PunctType=Quot,PUNCT,'',punct,",",239,
241,241,her,her,False,True,Gender=Fem|Number=Sing|Person=3|Poss=Yes|PronType=Prs,PRON,PRP$,poss,mom,242,
242,242,mom,mom,False,False,Number=Sing,NOUN,NN,nsubj,responded,243,
243,243,responded,respond,False,False,Tense=Past|VerbForm=Fin,VERB,VBD,ROOT,responded,243,
244,244,who,who,False,True,,PRON,WP,nsubj,was,245,
245,245,was,be,False,True,Mood=Ind|Number=Sing|Person=3|Tense=Past|VerbForm=Fin,AUX,VBD,ccomp,responded,243,
246,246,busy,busy,False,False,Degree=Pos,ADJ,JJ,acomp,was,245,
247,247,preparing,prepare,False,False,Aspect=Prog|Tense=Pres|VerbForm=Part,VERB,VBG,xcomp,busy,246,
248,248,breakfast,breakfast,False,False,Number=Sing,NOUN,NN,dobj,preparing,247,
249,249,.,.,True,False,PunctType=Peri,PUNCT,.,punct,responded,243,
250,250,Abby,Abby,False,False,Number=Sing,PROPN,NNP,nsubj,whined,251,PERSON
251,251,whined,whine,False,False,Tense=Past|VerbForm=Fin,VERB,VBD,ROOT,whined,251,
252,252,that,that,False,True,,SCONJ,IN,mark,want,256,
253,253,she,she,False,True,Case=Nom|Gender=Fem|Number=Sing|Person=3|PronType=Prs,PRON,PRP,nsubj,want,256,
254,254,did,do,False,True,Tense=Past|VerbForm=Fin,AUX,VBD,aux,want,256,
255,255,n't,not,False,True,Polarity=Neg,PART,RB,neg,want,256,
256,256,want,want,False,False,VerbForm=Inf,VERB,VB,ccomp,whined,251,
257,257,him,he,False,True,Case=Acc|Gender=Masc|Number=Sing|Person=3|PronType=Prs,PRON,PRP,nsubj,get,259,
258,258,to,to,False,True,,PART,TO,aux,get,259,
259,259,get,get,False,True,VerbForm=Inf,VERB,VB,ccomp,want,256,
260,260,too,too,False,True,,ADV,RB,advmod,big,261,
261,261,big,big,False,False,Degree=Pos,ADJ,JJ,acomp,get,259,
262,262,or,or,False,True,ConjType=Cmp,CCONJ,CC,cc,want,256,
263,263,he,he,False,True,Case=Nom|Gender=Masc|Number=Sing|Person=3|PronType=Prs,PRON,PRP,nsubj,be,266,
264,264,would,would,False,True,VerbForm=Fin,AUX,MD,aux,be,266,
265,265,n't,not,False,True,Polarity=Neg,PART,RB,neg,be,266,
266,266,be,be,False,True,VerbForm=Inf,AUX,VB,conj,want,256,
267,267,cute,cute,False,False,Degree=Pos,ADJ,JJ,acomp,be,266,
268,268,anymore,anymore,False,False,,ADV,RB,advmod,be,266,
269,269,.,.,True,False,PunctType=Peri,PUNCT,.,punct,whined,251,
270,270,',',True,False,PunctSide=Ini|PunctType=Quot,PUNCT,``,punct,are,278,
271,271,Small,small,False,False,Degree=Pos,ADJ,JJ,amod,things,272,
272,272,things,thing,False,False,Number=Plur,NOUN,NNS,nsubj,are,278,
273,273,",",",",True,False,PunctType=Comm,PUNCT,",",punct,things,272,
274,274,not,not,False,True,Polarity=Neg,PART,RB,neg,things,272,
275,275,big,big,False,False,Degree=Pos,ADJ,JJ,amod,things,276,
276,276,things,thing,False,False,Number=Plur,NOUN,NNS,appos,things,272,
277,277,",",",",True,False,PunctType=Comm,PUNCT,",",punct,things,272,
278,278,are,be,False,True,Mood=Ind|Tense=Pres|VerbForm=Fin,AUX,VBP,ROOT,are,278,
279,279,cute,cute,False,False,Degree=Pos,ADJ,JJ,acomp,are,278,
280,280,",",",",True,False,PunctType=Comm,PUNCT,",",punct,right,281,
281,281,right,right,False,False,Degree=Pos,ADJ,JJ,acomp,are,278,
282,282,?,?,True,False,PunctType=Peri,PUNCT,.,punct,right,281,
283,283,',',True,False,PunctSide=Fin|PunctType=Quot,PUNCT,'',punct,right,281,
284,284,she,she,False,True,Case=Nom|Gender=Fem|Number=Sing|Person=3|PronType=Prs,PRON,PRP,nsubj,asked,285,
285,285,asked,ask,False,False,Tense=Past|VerbForm=Fin,VERB,VBD,ROOT,asked,285,
286,286,",",",",True,False,PunctType=Comm,PUNCT,",",punct,asked,285,
287,287,half,half,False,False,Number=Sing,NOUN,NN,dobj,asked,285,CARDINAL
288,288,to,to,False,True,,ADP,IN,prep,half,287,
289,289,herself,herself,False,True,Case=Acc|Gender=Fem|Number=Sing|Person=3|PronType=Prs|Reflex=Yes,PRON,PRP,pobj,to,288,
290,290,.,.,True,False,PunctType=Peri,PUNCT,.,punct,asked,285,
291,291,The,the,False,True,Definite=Def|PronType=Art,DET,DT,det,day,293,DATE
292,292,next,next,False,True,Degree=Pos,ADJ,JJ,amod,day,293,DATE
293,293,day,day,False,False,Number=Sing,NOUN,NN,npadvmod,needed,299,DATE
294,294,in,in,False,True,,ADP,IN,prep,day,293,
295,295,art,art,False,False,Number=Sing,NOUN,NN,compound,class,296,
296,296,class,class,False,False,Number=Sing,NOUN,NN,pobj,in,294,
297,297,",",",",True,False,PunctType=Comm,PUNCT,",",punct,needed,299,
298,298,Abby,Abby,False,False,Number=Sing,PROPN,NNP,nsubj,needed,299,PERSON
299,299,needed,need,False,False,Tense=Past|VerbForm=Fin,VERB,VBD,ROOT,needed,299,
300,300,two,two,False,True,NumType=Card,NUM,CD,nummod,pieces,301,CARDINAL
301,301,pieces,piece,False,False,Number=Plur,NOUN,NNS,dobj,needed,299,
302,302,of,of,False,True,,ADP,IN,prep,pieces,301,
303,303,paper,paper,False,False,Number=Sing,NOUN,NN,pobj,of,302,
304,304,that,that,False,True,PronType=Rel,PRON,WDT,nsubj,were,305,
305,305,were,be,False,True,Mood=Ind|Tense=Past|VerbForm=Fin,AUX,VBD,relcl,pieces,301,
306,306,very,very,False,True,,ADV,RB,advmod,expensive,307,
307,307,expensive,expensive,False,False,Degree=Pos,ADJ,JJ,acomp,were,305,
308,308,",",",",True,False,PunctType=Comm,PUNCT,",",punct,needed,299,
309,309,to,to,False,True,,PART,TO,aux,draw,310,
310,310,draw,draw,False,False,VerbForm=Inf,VERB,VB,advcl,needed,299,
311,311,an,an,False,True,Definite=Ind|PronType=Art,DET,DT,det,elephant,312,
312,312,elephant,elephant,False,False,Number=Sing,NOUN,NN,dobj,draw,310,
313,313,",",",",True,False,PunctType=Comm,PUNCT,",",punct,needed,299,
314,314,but,but,False,True,ConjType=Cmp,CCONJ,CC,cc,needed,299,
315,315,the,the,False,True,Definite=Def|PronType=Art,DET,DT,det,teacher,316,
316,316,teacher,teacher,False,False,Number=Sing,NOUN,NN,nsubj,mind,319,
317,317,did,do,False,True,Tense=Past|VerbForm=Fin,AUX,VBD,aux,mind,319,
318,318,n't,not,False,True,Polarity=Neg,PART,RB,neg,mind,319,
319,319,mind,mind,False,False,VerbForm=Inf,VERB,VB,conj,needed,299,
320,320,Abby,Abby,False,False,Number=Sing,PROPN,NNP,dobj,mind,319,PERSON
321,321,using,use,False,True,Aspect=Prog|Tense=Pres|VerbForm=Part,VERB,VBG,xcomp,mind,319,
322,322,the,the,False,True,Definite=Def|PronType=Art,DET,DT,det,paper,324,
323,323,expensive,expensive,False,False,Degree=Pos,ADJ,JJ,amod,paper,324,
324,324,paper,paper,False,False,Number=Sing,NOUN,NN,dobj,using,321,
325,325,because,because,False,True,,SCONJ,IN,mark,was,327,
326,326,she,she,False,True,Case=Nom|Gender=Fem|Number=Sing|Person=3|PronType=Prs,PRON,PRP,nsubj,was,327,
327,327,was,be,False,True,Mood=Ind|Number=Sing|Person=3|Tense=Past|VerbForm=Fin,AUX,VBD,advcl,mind,319,
328,328,pleased,pleased,False,False,Degree=Pos,ADJ,JJ,acomp,was,327,
329,329,with,with,False,True,,ADP,IN,prep,pleased,328,
330,330,the,the,False,True,Definite=Def|PronType=Art,DET,DT,det,drawing,331,
331,331,drawing,drawing,False,False,Number=Sing,NOUN,NN,pobj,with,329,
332,332,and,and,False,True,ConjType=Cmp,CCONJ,CC,cc,was,327,
333,333,wanted,want,False,False,Tense=Past|VerbForm=Fin,VERB,VBD,conj,was,327,
334,334,it,it,False,True,Case=Acc|Gender=Neut|Number=Sing|Person=3|PronType=Prs,PRON,PRP,dobj,wanted,333,
335,335,on,on,False,True,,ADP,IN,prep,wanted,333,
336,336,the,the,False,True,Definite=Def|PronType=Art,DET,DT,det,wall,337,
337,337,wall,wall,False,False,Number=Sing,NOUN,NN,pobj,on,335,
338,338,.,.,True,False,PunctType=Peri,PUNCT,.,punct,mind,319,
339,339,The,the,False,True,Definite=Def|PronType=Art,DET,DT,det,teacher,340,
340,340,teacher,teacher,False,False,Number=Sing,NOUN,NN,nsubj,remarked,348,
341,341,",",",",True,False,PunctType=Comm,PUNCT,",",punct,teacher,340,
342,342,who,who,False,True,,PRON,WP,nsubj,was,343,
343,343,was,be,False,True,Mood=Ind|Number=Sing|Person=3|Tense=Past|VerbForm=Fin,AUX,VBD,relcl,teacher,340,
344,344,always,always,False,True,,ADV,RB,advmod,was,343,
345,345,very,very,False,True,,ADV,RB,advmod,encouraging,346,
346,346,encouraging,encouraging,False,False,Degree=Pos,ADJ,JJ,acomp,was,343,
347,347,",",",",True,False,PunctType=Comm,PUNCT,",",punct,teacher,340,
348,348,remarked,remark,False,False,Tense=Past|VerbForm=Fin,VERB,VBD,ROOT,remarked,348,
349,349,that,that,False,True,,SCONJ,IN,mark,made,354,
350,350,the,the,False,True,Definite=Def|PronType=Art,DET,DT,det,Abby,352,
351,351,drawing,draw,False,False,Aspect=Prog|Tense=Pres|VerbForm=Part,VERB,VBG,amod,Abby,352,
352,352,Abby,Abby,False,False,Number=Sing,PROPN,NNP,nsubj,made,354,PERSON
353,353,had,have,False,True,Tense=Past|VerbForm=Fin,AUX,VBD,aux,made,354,
354,354,made,make,False,True,Aspect=Perf|Tense=Past|VerbForm=Part,VERB,VBN,ccomp,remarked,348,
355,355,was,be,False,True,Mood=Ind|Number=Sing|Person=3|Tense=Past|VerbForm=Fin,AUX,VBD,ccomp,made,354,
356,356,very,very,False,True,,ADV,RB,advmod,creative,357,
357,357,creative,creative,False,False,Degree=Pos,ADJ,JJ,acomp,was,355,
358,358,and,and,False,True,ConjType=Cmp,CCONJ,CC,cc,was,355,
359,359,beamed,beam,False,False,Aspect=Perf|Tense=Past|VerbForm=Part,VERB,VBN,conj,was,355,
360,360,at,at,False,True,,ADP,IN,prep,beamed,359,
361,361,Abby,Abby,False,False,Number=Sing,PROPN,NNP,pobj,at,360,PERSON
362,362,",",",",True,False,PunctType=Comm,PUNCT,",",punct,beamed,359,
363,363,giving,give,False,False,Aspect=Prog|Tense=Pres|VerbForm=Part,VERB,VBG,advcl,beamed,359,
364,364,her,she,False,True,Case=Acc|Gender=Fem|Number=Sing|Person=3|PronType=Prs,PRON,PRP,dative,giving,363,
365,365,the,the,False,True,Definite=Def|PronType=Art,DET,DT,det,seal,366,
366,366,seal,seal,False,False,Number=Sing,NOUN,NN,dobj,giving,363,
367,367,of,of,False,True,,ADP,IN,prep,seal,366,
368,368,approval,approval,False,False,Number=Sing,NOUN,NN,pobj,of,367,
369,369,.,.,True,False,PunctType=Peri,PUNCT,.,punct,remarked,348,
370,370,Back,back,False,True,,ADV,RB,advmod,cleaning,386,
371,371,at,at,False,True,,ADP,IN,prep,Back,370,
372,372,home,home,False,False,Number=Sing,NOUN,NN,pobj,at,371,
373,373,",",",",True,False,PunctType=Comm,PUNCT,",",punct,cleaning,386,
374,374,Mom,Mom,False,False,Number=Sing,PROPN,NNP,nsubj,cleaning,386,
375,375,",",",",True,False,PunctType=Comm,PUNCT,",",punct,Mom,374,
376,376,convinced,convince,False,False,Aspect=Perf|Tense=Past|VerbForm=Part,VERB,VBN,acl,Mom,374,
377,377,by,by,False,True,,ADP,IN,agent,convinced,376,
378,378,Abby,Abby,False,False,Number=Sing,PROPN,NNP,pobj,by,377,PERSON
379,379,to,to,False,True,,PART,TO,aux,clean,380,
380,380,clean,clean,False,False,VerbForm=Inf,VERB,VB,xcomp,convinced,376,
381,381,out,out,False,True,,ADP,RP,prt,clean,380,
382,382,the,the,False,True,Definite=Def|PronType=Art,DET,DT,det,tank,383,
383,383,tank,tank,False,False,Number=Sing,NOUN,NN,dobj,clean,380,
384,384,",",",",True,False,PunctType=Comm,PUNCT,",",punct,Mom,374,
385,385,was,be,False,True,Mood=Ind|Number=Sing|Person=3|Tense=Past|VerbForm=Fin,AUX,VBD,aux,cleaning,386,
386,386,cleaning,clean,False,False,Aspect=Prog|Tense=Pres|VerbForm=Part,VERB,VBG,ROOT,cleaning,386,
387,387,with,with,False,True,,ADP,IN,prep,cleaning,386,
388,388,a,a,False,True,Definite=Ind|PronType=Art,DET,DT,det,vacuum,390,
389,389,special,special,False,False,Degree=Pos,ADJ,JJ,amod,vacuum,390,
390,390,vacuum,vacuum,False,False,Number=Sing,NOUN,NN,pobj,with,387,
391,391,",",",",True,False,PunctType=Comm,PUNCT,",",punct,vacuum,390,
392,392,or,or,False,True,ConjType=Cmp,CCONJ,CC,cc,vacuum,390,
393,393,',',True,False,PunctSide=Ini|PunctType=Quot,PUNCT,``,punct,hoover,394,
394,394,hoover,hoover,False,False,Number=Sing,NOUN,NN,conj,vacuum,390,
395,395,',',True,False,PunctSide=Fin|PunctType=Quot,PUNCT,'',punct,vacuum,390,
396,396,.,.,True,False,PunctType=Peri,PUNCT,.,punct,cleaning,386,
397,397,',',True,False,PunctSide=Ini|PunctType=Quot,PUNCT,``,punct,'s,399,
398,398,Where,where,False,True,,SCONJ,WRB,advmod,'s,399,
399,399,'s,be,False,True,Mood=Ind|Number=Sing|Person=3|Tense=Pres|VerbForm=Fin,AUX,VBZ,ROOT,'s,399,
400,400,Mr,Mr,False,False,Number=Sing,PROPN,NNP,compound,Sticky,401,
401,401,Sticky,Sticky,False,False,Number=Sing,PROPN,NNP,nsubj,'s,399,
402,402,?,?,True,False,PunctType=Peri,PUNCT,.,punct,'s,399,
403,403,',',True,False,PunctSide=Fin|PunctType=Quot,PUNCT,'',punct,'s,399,
404,404,Abby,Abby,False,False,Number=Sing,PROPN,NNP,nsubj,asked,405,PERSON
405,405,asked,ask,False,False,Tense=Past|VerbForm=Fin,VERB,VBD,ROOT,asked,405,
406,406,first,first,False,True,Degree=Pos,ADJ,JJ,amod,thing,407,
407,407,thing,thing,False,False,Number=Sing,NOUN,NN,dobj,asked,405,
408,408,when,when,False,True,,SCONJ,WRB,advmod,came,410,
409,409,she,she,False,True,Case=Nom|Gender=Fem|Number=Sing|Person=3|PronType=Prs,PRON,PRP,nsubj,came,410,
410,410,came,come,False,False,Tense=Past|VerbForm=Fin,VERB,VBD,advcl,asked,405,
411,411,home,home,False,False,,ADV,RB,advmod,came,410,
412,412,from,from,False,True,,ADP,IN,prep,came,410,
413,413,school,school,False,False,Number=Sing,NOUN,NN,pobj,from,412,
414,414,.,.,True,False,PunctType=Peri,PUNCT,.,punct,asked,405,
415,415,',',True,False,PunctSide=Fin|PunctType=Quot,PUNCT,'',punct,replied,422,
416,416,On,on,False,True,,ADP,IN,prep,replied,422,
417,417,the,the,False,True,Definite=Def|PronType=Art,DET,DT,det,side,418,
418,418,side,side,False,True,Number=Sing,NOUN,NN,pobj,On,416,
419,419,",",",",True,False,PunctType=Comm,PUNCT,",",punct,replied,422,
420,420,',',True,False,PunctSide=Fin|PunctType=Quot,PUNCT,'',punct,replied,422,
421,421,Mom,Mom,False,False,Number=Sing,PROPN,NNP,nsubj,replied,422,
422,422,replied,reply,False,False,Tense=Past|VerbForm=Fin,VERB,VBD,ROOT,replied,422,
423,423,.,.,True,False,PunctType=Peri,PUNCT,.,punct,replied,422,
424,424,And,and,False,True,ConjType=Cmp,CCONJ,CC,cc,added,427,
425,425,then,then,False,True,PronType=Dem,ADV,RB,advmod,added,427,
426,426,she,she,False,True,Case=Nom|Gender=Fem|Number=Sing|Person=3|PronType=Prs,PRON,PRP,nsubj,added,427,
427,427,added,add,False,False,Tense=Past|VerbForm=Fin,VERB,VBD,ROOT,added,427,
428,428,",",",",True,False,PunctType=Comm,PUNCT,",",punct,added,427,
429,429,',',True,False,PunctSide=Ini|PunctType=Quot,PUNCT,``,punct,added,427,
430,430,Do,do,False,True,Mood=Ind|Tense=Pres|VerbForm=Fin,AUX,VBP,aux,worry,432,
431,431,n't,not,False,True,Polarity=Neg,PART,RB,neg,worry,432,
432,432,worry,worry,False,False,VerbForm=Inf,VERB,VB,xcomp,added,427,
433,433,.,.,True,False,PunctType=Peri,PUNCT,.,punct,added,427,
434,434,I,I,False,True,Case=Nom|Number=Sing|Person=1|PronType=Prs,PRON,PRP,nsubj,went,435,
435,435,went,go,False,False,Tense=Past|VerbForm=Fin,VERB,VBD,ROOT,went,435,
436,436,extra,extra,False,False,,ADV,RB,advmod,slowly,437,
437,437,slowly,slowly,False,False,,ADV,RB,advmod,went,435,
438,438,since,since,False,True,,SCONJ,IN,mark,'s,440,
439,439,it,it,False,True,Case=Nom|Gender=Neut|Number=Sing|Person=3|PronType=Prs,PRON,PRP,nsubj,'s,440,
440,440,'s,be,False,True,Mood=Ind|Number=Sing|Person=3|Tense=Pres|VerbForm=Fin,AUX,VBZ,advcl,went,435,
441,441,better,well,False,False,Degree=Cmp,ADJ,JJR,acomp,'s,440,
442,442,to,to,False,True,,PART,TO,aux,be,443,
443,443,be,be,False,True,VerbForm=Inf,AUX,VB,xcomp,'s,440,
444,444,safe,safe,False,False,Degree=Pos,ADJ,JJ,acomp,be,443,
445,445,than,than,False,True,,ADP,IN,prep,safe,444,
446,446,sorry,sorry,False,False,Degree=Pos,ADJ,JJ,amod,than,445,
447,447,.,.,True,False,PunctType=Peri,PUNCT,.,punct,went,435,
448,448,',',True,False,PunctSide=Fin|PunctType=Quot,PUNCT,'',punct,went,435,
449,449,Abby,Abby,False,False,Number=Sing,PROPN,NNP,nsubj,looked,450,PERSON
450,450,looked,look,False,False,Tense=Past|VerbForm=Fin,VERB,VBD,ROOT,looked,450,
451,451,on,on,False,True,,ADP,IN,prep,looked,450,
452,452,all,all,False,True,,DET,DT,det,sides,453,
453,453,sides,side,False,False,Number=Plur,NOUN,NNS,pobj,on,451,
454,454,of,of,False,True,,ADP,IN,prep,sides,453,
455,455,the,the,False,True,Definite=Def|PronType=Art,DET,DT,det,tank,456,
456,456,tank,tank,False,False,Number=Sing,NOUN,NN,pobj,of,454,
457,457,",",",",True,False,PunctType=Comm,PUNCT,",",punct,looked,450,
458,458,but,but,False,True,ConjType=Cmp,CCONJ,CC,cc,looked,450,
459,459,there,there,False,True,,PRON,EX,expl,was,460,
460,460,was,be,False,True,Mood=Ind|Number=Sing|Person=3|Tense=Past|VerbForm=Fin,VERB,VBD,conj,looked,450,
461,461,no,no,False,True,,DET,DT,det,sign,462,
462,462,sign,sign,False,False,Number=Sing,NOUN,NN,attr,was,460,
463,463,of,of,False,True,,ADP,IN,prep,sign,462,
464,464,the,the,False,True,Definite=Def|PronType=Art,DET,DT,det,snail,466,
465,465,water,water,False,False,Number=Sing,NOUN,NN,compound,snail,466,
466,466,snail,snail,False,False,Number=Sing,NOUN,NN,pobj,of,463,
467,467,that,that,False,True,,SCONJ,IN,mark,discovered,470,
468,468,she,she,False,True,Case=Nom|Gender=Fem|Number=Sing|Person=3|PronType=Prs,PRON,PRP,nsubj,discovered,470,
469,469,had,have,False,True,Tense=Past|VerbForm=Fin,AUX,VBD,aux,discovered,470,
470,470,discovered,discover,False,False,Aspect=Perf|Tense=Past|VerbForm=Part,VERB,VBN,acl,sign,462,
471,471,a,a,False,True,Definite=Ind|PronType=Art,DET,DT,det,couple,472,DATE
472,472,couple,couple,False,False,Number=Sing,NOUN,NN,npadvmod,ago,475,DATE
473,473,of,of,False,True,,ADP,IN,prep,couple,472,DATE
474,474,days,day,False,False,Number=Plur,NOUN,NNS,pobj,of,473,DATE
475,475,ago,ago,False,False,,ADV,RB,advmod,discovered,470,DATE
476,476,.,.,True,False,PunctType=Peri,PUNCT,.,punct,was,460,
477,477,She,she,False,True,Case=Nom|Gender=Fem|Number=Sing|Person=3|PronType=Prs,PRON,PRP,nsubj,was,478,
478,478,was,be,False,True,Mood=Ind|Number=Sing|Person=3|Tense=Past|VerbForm=Fin,AUX,VBD,ROOT,was,478,
479,479,very,very,False,True,,ADV,RB,advmod,sad,480,
480,480,sad,sad,False,False,Degree=Pos,ADJ,JJ,acomp,was,478,
481,481,.,.,True,False,PunctType=Peri,PUNCT,.,punct,was,478,
482,482,Her,her,False,True,Gender=Fem|Number=Sing|Person=3|Poss=Yes|PronType=Prs,PRON,PRP$,poss,mom,483,
483,483,mom,mom,False,False,Number=Sing,NOUN,NN,nsubj,said,484,
484,484,said,say,False,False,Tense=Past|VerbForm=Fin,VERB,VBD,ROOT,said,484,
485,485,to,to,False,True,,PART,TO,aux,wait,486,
486,486,wait,wait,False,False,VerbForm=Inf,VERB,VB,xcomp,said,484,
487,487,a,a,False,True,Definite=Ind|PronType=Art,DET,DT,det,hours,489,TIME
488,488,few,few,False,True,Degree=Pos,ADJ,JJ,amod,hours,489,TIME
489,489,hours,hour,False,False,Number=Plur,NOUN,NNS,npadvmod,wait,486,TIME
490,490,until,until,False,True,,SCONJ,IN,mark,clears,493,
491,491,the,the,False,True,Definite=Def|PronType=Art,DET,DT,det,water,492,
492,492,water,water,False,False,Number=Sing,NOUN,NN,nsubj,clears,493,
493,493,clears,clear,False,False,Number=Sing|Person=3|Tense=Pres|VerbForm=Fin,VERB,VBZ,advcl,wait,486,
494,494,to,to,False,True,,PART,TO,aux,take,495,
495,495,take,take,False,True,VerbForm=Inf,VERB,VB,xcomp,clears,493,
496,496,another,another,False,True,,DET,DT,det,look,498,
497,497,careful,careful,False,False,Degree=Pos,ADJ,JJ,amod,look,498,
498,498,look,look,False,False,Number=Sing,NOUN,NN,dobj,take,495,
499,499,.,.,True,False,PunctType=Peri,PUNCT,.,punct,said,484,
500,500,That,that,False,True,Number=Sing|PronType=Dem,DET,DT,det,evening,501,TIME
501,501,evening,evening,False,False,Number=Sing,NOUN,NN,npadvmod,went,504,TIME
502,502,",",",",True,False,PunctType=Comm,PUNCT,",",punct,went,504,
503,503,Abby,Abby,False,False,Number=Sing,PROPN,NNP,nsubj,went,504,PERSON
504,504,went,go,False,False,Tense=Past|VerbForm=Fin,VERB,VBD,ROOT,went,504,
505,505,up,up,False,True,,ADP,RP,prt,went,504,
506,506,to,to,False,True,,ADP,IN,prep,went,504,
507,507,her,her,False,True,Gender=Fem|Number=Sing|Person=3|Poss=Yes|PronType=Prs,PRON,PRP$,poss,bedroom,508,
508,508,bedroom,bedroom,False,False,Number=Sing,NOUN,NN,pobj,to,506,
509,509,to,to,False,True,,PART,TO,aux,check,510,
510,510,check,check,False,False,VerbForm=Inf,VERB,VB,advcl,went,504,
511,511,the,the,False,True,Definite=Def|PronType=Art,DET,DT,det,tank,512,
512,512,tank,tank,False,False,Number=Sing,NOUN,NN,dobj,check,510,
513,513,again,again,False,True,,ADV,RB,advmod,check,510,
514,514,.,.,True,False,PunctType=Peri,PUNCT,.,punct,went,504,
515,515,The,the,False,True,Definite=Def|PronType=Art,DET,DT,det,water,516,
516,516,water,water,False,False,Number=Sing,NOUN,NN,nsubj,settled,518,
517,517,had,have,False,True,Tense=Past|VerbForm=Fin,AUX,VBD,aux,settled,518,
518,518,settled,settle,False,False,Aspect=Perf|Tense=Past|VerbForm=Part,VERB,VBN,ROOT,settled,518,
519,519,and,and,False,True,ConjType=Cmp,CCONJ,CC,cc,settled,518,
520,520,looked,look,False,False,Tense=Past|VerbForm=Fin,VERB,VBD,conj,settled,518,
521,521,clear,clear,False,False,Degree=Pos,ADJ,JJ,acomp,looked,520,
522,522,",",",",True,False,PunctType=Comm,PUNCT,",",punct,settled,518,
523,523,but,but,False,True,ConjType=Cmp,CCONJ,CC,cc,settled,518,
524,524,Abby,Abby,False,False,Number=Sing,PROPN,NNP,nsubj,see,527,PERSON
525,525,could,could,False,True,VerbForm=Fin,AUX,MD,aux,see,527,
526,526,not,not,False,True,Polarity=Neg,PART,RB,neg,see,527,
527,527,see,see,False,True,VerbForm=Inf,VERB,VB,conj,settled,518,
528,528,Mr,Mr,False,False,Number=Sing,PROPN,NNP,compound,Sticky,529,PERSON
529,529,Sticky,Sticky,False,False,Number=Sing,PROPN,NNP,dobj,see,527,PERSON
530,530,.,.,True,False,PunctType=Peri,PUNCT,.,punct,see,527,
531,531,Abby,Abby,False,False,Number=Sing,PROPN,NNP,nsubj,kneeled,532,PERSON
532,532,kneeled,kneel,False,False,Tense=Past|VerbForm=Fin,VERB,VBD,ROOT,kneeled,532,
533,533,down,down,False,True,,ADP,RP,prt,kneeled,532,
534,534,to,to,False,True,,PART,TO,aux,have,535,
535,535,have,have,False,True,VerbForm=Inf,VERB,VB,advcl,kneeled,532,
536,536,another,another,False,True,,DET,DT,det,look,537,
537,537,look,look,False,False,Number=Sing,NOUN,NN,dobj,have,535,
538,538,in,in,False,True,,ADP,IN,prep,look,537,
539,539,the,the,False,True,Definite=Def|PronType=Art,DET,DT,det,tank,540,
540,540,tank,tank,False,False,Number=Sing,NOUN,NN,pobj,in,538,
541,541,that,that,False,True,PronType=Rel,PRON,WDT,dobj,cleared,545,
542,542,her,her,False,True,Gender=Fem|Number=Sing|Person=3|Poss=Yes|PronType=Prs,PRON,PRP$,poss,mom,543,
543,543,mom,mom,False,False,Number=Sing,NOUN,NN,nsubj,cleared,545,
544,544,had,have,False,True,Tense=Past|VerbForm=Fin,AUX,VBD,aux,cleared,545,
545,545,cleared,clear,False,False,Aspect=Perf|Tense=Past|VerbForm=Part,VERB,VBN,relcl,tank,540,
546,546,so,so,False,True,,ADV,RB,advmod,thoroughly,547,
547,547,thoroughly,thoroughly,False,False,,ADV,RB,advmod,cleared,545,
548,548,",",",",True,False,PunctType=Comm,PUNCT,",",punct,kneeled,532,
549,549,but,but,False,True,ConjType=Cmp,CCONJ,CC,cc,kneeled,532,
550,550,Mr,Mr,False,False,Number=Sing,PROPN,NNP,compound,Sticky,551,PERSON
551,551,Sticky,Sticky,False,False,Number=Sing,PROPN,NNP,nsubj,was,552,PERSON
552,552,was,be,False,True,Mood=Ind|Number=Sing|Person=3|Tense=Past|VerbForm=Fin,AUX,VBD,conj,kneeled,532,
553,553,still,still,False,True,,ADV,RB,advmod,was,552,
554,554,nowhere,nowhere,False,True,,ADV,RB,advmod,was,552,
555,555,to,to,False,True,,PART,TO,aux,found,557,
556,556,be,be,False,True,VerbForm=Inf,AUX,VB,auxpass,found,557,
557,557,found,find,False,False,Aspect=Perf|Tense=Past|VerbForm=Part,VERB,VBN,xcomp,nowhere,554,
558,558,.,.,True,False,PunctType=Peri,PUNCT,.,punct,was,552,
559,559,Abby,Abby,False,False,Number=Sing,PROPN,NNP,nsubj,was,560,PERSON
560,560,was,be,False,True,Mood=Ind|Number=Sing|Person=3|Tense=Past|VerbForm=Fin,AUX,VBD,ROOT,was,560,
561,561,a,a,False,True,Definite=Ind|PronType=Art,DET,DT,det,bundle,562,
562,562,bundle,bundle,False,False,Number=Sing,NOUN,NN,attr,was,560,
563,563,of,of,False,True,,ADP,IN,prep,bundle,562,
564,564,nerves,nerve,False,False,Number=Plur,NOUN,NNS,pobj,of,563,
565,565,as,as,False,True,,SCONJ,IN,mark,descended,567,
566,566,she,she,False,True,Case=Nom|Gender=Fem|Number=Sing|Person=3|PronType=Prs,PRON,PRP,nsubj,descended,567,
567,567,descended,descend,False,False,Tense=Past|VerbForm=Fin,VERB,VBD,advcl,was,560,
568,568,the,the,False,True,Definite=Def|PronType=Art,DET,DT,det,stairs,569,
569,569,stairs,stair,False,False,Number=Plur,NOUN,NNS,dobj,descended,567,
570,570,.,.,True,False,PunctType=Peri,PUNCT,.,punct,was,560,
571,571,In,in,False,True,,ADP,IN,prep,working,584,
572,572,the,the,False,True,Definite=Def|PronType=Art,DET,DT,det,study,573,
573,573,study,study,False,False,Number=Sing,NOUN,NN,pobj,In,571,
574,574,",",",",True,False,PunctType=Comm,PUNCT,",",punct,working,584,
575,575,surrounded,surround,False,False,Aspect=Perf|Tense=Past|VerbForm=Part,VERB,VBN,advcl,working,584,
576,576,by,by,False,True,,ADP,IN,agent,surrounded,575,
577,577,books,book,False,False,Number=Plur,NOUN,NNS,pobj,by,576,
578,578,and,and,False,True,ConjType=Cmp,CCONJ,CC,cc,books,577,
579,579,papers,paper,False,False,Number=Plur,NOUN,NNS,conj,books,577,
580,580,",",",",True,False,PunctType=Comm,PUNCT,",",punct,working,584,
581,581,her,her,False,True,Gender=Fem|Number=Sing|Person=3|Poss=Yes|PronType=Prs,PRON,PRP$,poss,mom,582,
582,582,mom,mom,False,False,Number=Sing,NOUN,NN,nsubj,working,584,
583,583,was,be,False,True,Mood=Ind|Number=Sing|Person=3|Tense=Past|VerbForm=Fin,AUX,VBD,aux,working,584,
584,584,working,work,False,False,Aspect=Prog|Tense=Pres|VerbForm=Part,VERB,VBG,ROOT,working,584,
585,585,and,and,False,True,ConjType=Cmp,CCONJ,CC,cc,working,584,
586,586,she,she,False,True,Case=Nom|Gender=Fem|Number=Sing|Person=3|PronType=Prs,PRON,PRP,nsubj,looked,587,
587,587,looked,look,False,False,Tense=Past|VerbForm=Fin,VERB,VBD,conj,working,584,
588,588,impatient,impatient,False,False,Degree=Pos,ADJ,JJ,acomp,looked,587,
589,589,when,when,False,True,,SCONJ,WRB,advmod,saw,591,
590,590,she,she,False,True,Case=Nom|Gender=Fem|Number=Sing|Person=3|PronType=Prs,PRON,PRP,nsubj,saw,591,
591,591,saw,see,False,False,Tense=Past|VerbForm=Fin,VERB,VBD,advcl,looked,587,
592,592,Abby,Abby,False,False,Number=Sing,PROPN,NNP,dobj,saw,591,PERSON
593,593,in,in,False,True,,ADP,IN,prep,saw,591,
594,594,the,the,False,True,Definite=Def|PronType=Art,DET,DT,det,doorway,595,
595,595,doorway,doorway,False,False,Number=Sing,NOUN,NN,pobj,in,593,
596,596,and,and,False,True,ConjType=Cmp,CCONJ,CC,cc,saw,591,
597,597,even,even,False,True,,ADV,RB,advmod,more,598,
598,598,more,more,False,True,Degree=Cmp,ADV,RBR,advmod,worried,599,
599,599,worried,worried,False,False,Degree=Pos,ADJ,JJ,conj,saw,591,
600,600,when,when,False,True,,SCONJ,WRB,advmod,heard,602,
601,601,she,she,False,True,Case=Nom|Gender=Fem|Number=Sing|Person=3|PronType=Prs,PRON,PRP,nsubj,heard,602,
602,602,heard,hear,False,False,Tense=Past|VerbForm=Fin,VERB,VBD,advcl,saw,591,
603,603,the,the,False,True,Definite=Def|PronType=Art,DET,DT,det,news,605,
604,604,bad,bad,False,False,Degree=Pos,ADJ,JJ,amod,news,605,
605,605,news,news,False,False,Number=Sing,NOUN,NN,dobj,heard,602,
606,606,.,.,True,False,PunctType=Peri,PUNCT,.,punct,looked,587,
607,607,',',True,False,PunctSide=Fin|PunctType=Quot,PUNCT,'',punct,turn,610,
608,608,He,he,False,True,Case=Nom|Gender=Masc|Number=Sing|Person=3|PronType=Prs,PRON,PRP,nsubj,turn,610,
609,609,'ll,will,False,True,VerbType=Mod,AUX,MD,aux,turn,610,
610,610,turn,turn,False,False,VerbForm=Inf,VERB,VB,ccomp,said,615,
611,611,up,up,False,True,,ADP,RP,prt,turn,610,
612,612,",",",",True,False,PunctType=Comm,PUNCT,",",punct,turn,610,
613,613,',',True,False,PunctSide=Fin|PunctType=Quot,PUNCT,'',punct,said,615,
614,614,Mom,Mom,False,False,Number=Sing,PROPN,NNP,nsubj,said,615,
615,615,said,say,False,False,Tense=Past|VerbForm=Fin,VERB,VBD,ROOT,said,615,
616,616,",",",",True,False,PunctType=Comm,PUNCT,",",punct,said,615,
617,617,and,and,False,True,ConjType=Cmp,CCONJ,CC,cc,said,615,
618,618,that,that,False,True,Number=Sing|PronType=Dem,PRON,DT,nsubj,was,619,
619,619,was,be,False,True,Mood=Ind|Number=Sing|Person=3|Tense=Past|VerbForm=Fin,AUX,VBD,conj,said,615,
620,620,that,that,False,True,Number=Sing|PronType=Dem,PRON,DT,attr,was,619,
621,621,.,.,True,False,PunctType=Peri,PUNCT,.,punct,was,619,
622,622,Then,then,False,True,PronType=Dem,ADV,RB,advmod,raised,632,
623,623,",",",",True,False,PunctType=Comm,PUNCT,",",punct,raised,632,
624,624,to,to,False,True,,PART,TO,aux,add,625,
625,625,add,add,False,False,VerbForm=Inf,VERB,VB,advcl,raised,632,
626,626,fuel,fuel,False,False,Number=Sing,NOUN,NN,dobj,add,625,
627,627,to,to,False,True,,ADP,IN,prep,add,625,
628,628,the,the,False,True,Definite=Def|PronType=Art,DET,DT,det,flames,629,
629,629,flames,flame,False,False,Number=Plur,NOUN,NNS,pobj,to,627,
630,630,",",",",True,False,PunctType=Comm,PUNCT,",",punct,raised,632,
631,631,she,she,False,True,Case=Nom|Gender=Fem|Number=Sing|Person=3|PronType=Prs,PRON,PRP,nsubj,raised,632,
632,632,raised,raise,False,False,Tense=Past|VerbForm=Fin,VERB,VBD,ROOT,raised,632,
633,633,her,her,False,True,Gender=Fem|Number=Sing|Person=3|Poss=Yes|PronType=Prs,PRON,PRP$,poss,tone,634,
634,634,tone,tone,False,False,Number=Sing,NOUN,NN,dobj,raised,632,
635,635,of,of,False,True,,ADP,IN,prep,tone,634,
636,636,voice,voice,False,False,Number=Sing,NOUN,NN,pobj,of,635,
637,637,and,and,False,True,ConjType=Cmp,CCONJ,CC,cc,raised,632,
638,638,said,say,False,False,Tense=Past|VerbForm=Fin,VERB,VBD,conj,raised,632,
639,639,dismissively,dismissively,False,False,,ADV,RB,advmod,said,638,
640,640,",",",",True,False,PunctType=Comm,PUNCT,",",punct,said,638,
641,641,',',True,False,PunctSide=Ini|PunctType=Quot,PUNCT,``,punct,said,638,
642,642,For,for,False,True,,ADP,IN,prep,go,647,
643,643,the,the,False,True,Definite=Def|PronType=Art,DET,DT,det,time,644,
644,644,time,time,False,False,Number=Sing,NOUN,NN,pobj,For,642,
645,645,being,be,False,True,VerbForm=Ger,AUX,VBG,pcomp,For,642,
646,646,",",",",True,False,PunctType=Comm,PUNCT,",",punct,go,647,
647,647,go,go,False,True,VerbForm=Inf,VERB,VB,ccomp,said,638,
648,648,to,to,False,True,,ADP,IN,prep,go,647,
649,649,bed,bed,False,False,Number=Sing,NOUN,NN,pobj,to,648,
650,650,",",",",True,False,PunctType=Comm,PUNCT,",",punct,go,647,
651,651,Abby,Abby,False,False,Number=Sing,PROPN,NNP,npadvmod,go,647,PERSON
652,652,.,.,True,False,PunctType=Peri,PUNCT,.,punct,raised,632,
653,653,I,I,False,True,Case=Nom|Number=Sing|Person=1|PronType=Prs,PRON,PRP,nsubj,got,655,
654,654,'ve,have,False,True,Mood=Ind|Tense=Pres|VerbForm=Fin,AUX,VBP,aux,got,655,
655,655,got,get,False,False,Aspect=Perf|Tense=Past|VerbForm=Part,VERB,VBN,ROOT,got,655,
656,656,masses,masse,False,False,Number=Plur,NOUN,NNS,dobj,got,655,
657,657,of,of,False,True,,ADP,IN,prep,masses,656,
658,658,work,work,False,False,Number=Sing,NOUN,NN,pobj,of,657,
659,659,to,to,False,True,,PART,TO,aux,catch,660,
660,660,catch,catch,False,False,VerbForm=Inf,VERB,VB,advcl,got,655,
661,661,up,up,False,True,,ADP,RP,prt,catch,660,
662,662,on,on,False,True,,ADP,IN,prep,catch,660,
663,663,.,.,True,False,PunctType=Peri,PUNCT,.,punct,got,655,
664,664,',',True,False,PunctSide=Fin|PunctType=Quot,PUNCT,'',punct,got,655,
665,665,Abby,Abby,False,False,Number=Sing,PROPN,NNP,nsubj,had,666,PERSON
666,666,had,have,False,True,Tense=Past|VerbForm=Fin,VERB,VBD,ROOT,had,666,
667,667,a,a,False,True,Definite=Ind|PronType=Art,DET,DT,det,temper,669,
668,668,quick,quick,False,False,Degree=Pos,ADJ,JJ,amod,temper,669,
669,669,temper,temper,False,False,Number=Sing,NOUN,NN,dobj,had,666,
670,670,and,and,False,True,ConjType=Cmp,CCONJ,CC,cc,had,666,
671,671,she,she,False,True,Case=Nom|Gender=Fem|Number=Sing|Person=3|PronType=Prs,PRON,PRP,nsubj,was,672,
672,672,was,be,False,True,Mood=Ind|Number=Sing|Person=3|Tense=Past|VerbForm=Fin,AUX,VBD,conj,had,666,
673,673,angry,angry,False,False,Degree=Pos,ADJ,JJ,acomp,was,672,
674,674,as,as,False,True,,ADP,IN,prep,angry,673,
675,675,hell,hell,False,False,Number=Sing,NOUN,NN,pobj,as,674,
676,676,.,.,True,False,PunctType=Peri,PUNCT,.,punct,was,672,
677,677,',',True,False,PunctSide=Ini|PunctType=Quot,PUNCT,``,punct,hoovered,680,
678,678,You,you,False,True,Case=Nom|Person=2|PronType=Prs,PRON,PRP,nsubj,hoovered,680,
679,679,'ve,have,False,True,Mood=Ind|Tense=Pres|VerbForm=Fin,AUX,VBP,aux,hoovered,680,
680,680,hoovered,hoover,False,False,Aspect=Perf|Tense=Past|VerbForm=Part,VERB,VBN,ROOT,hoovered,680,
681,681,him,he,False,True,Case=Acc|Gender=Masc|Number=Sing|Person=3|PronType=Prs,PRON,PRP,dobj,hoovered,680,
682,682,up,up,False,True,,ADP,RP,prt,hoovered,680,
683,683,",",",",True,False,PunctType=Comm,PUNCT,",",punct,hoovered,680,
684,684,have,have,False,True,Mood=Ind|Tense=Pres|VerbForm=Fin,VERB,VBP,conj,hoovered,680,
685,685,n't,not,False,True,Polarity=Neg,PART,RB,neg,have,684,
686,686,you,you,False,True,Case=Nom|Person=2|PronType=Prs,PRON,PRP,nsubj,have,684,
687,687,?,?,True,False,PunctType=Peri,PUNCT,.,punct,hoovered,680,
688,688,',',True,False,PunctSide=Fin|PunctType=Quot,PUNCT,'',punct,hoovered,680,
689,689,she,she,False,True,Case=Nom|Gender=Fem|Number=Sing|Person=3|PronType=Prs,PRON,PRP,nsubj,said,690,
690,690,said,say,False,False,Tense=Past|VerbForm=Fin,VERB,VBD,ROOT,said,690,
691,691,accusingly,accusingly,False,False,,ADV,RB,advmod,said,690,
692,692,.,.,True,False,PunctType=Peri,PUNCT,.,punct,said,690,
693,693,Abby,Abby,False,False,Number=Sing,PROPN,NNP,poss,mom,695,PERSON
694,694,'s,'s,False,True,,PART,POS,case,Abby,693,
695,695,mom,mom,False,False,Number=Sing,NOUN,NN,nsubj,denied,696,
696,696,denied,deny,False,False,Tense=Past|VerbForm=Fin,VERB,VBD,ROOT,denied,696,
697,697,Abby,Abby,False,False,Number=Sing,PROPN,NNP,poss,version,699,PERSON
698,698,'s,'s,False,True,,PART,POS,case,Abby,697,
699,699,version,version,False,False,Number=Sing,NOUN,NN,dobj,denied,696,
700,700,of,of,False,True,,ADP,IN,prep,version,699,
701,701,the,the,False,True,Definite=Def|PronType=Art,DET,DT,det,story,702,
702,702,story,story,False,False,Number=Sing,NOUN,NN,pobj,of,700,
703,703,was,be,False,True,Mood=Ind|Number=Sing|Person=3|Tense=Past|VerbForm=Fin,AUX,VBD,conj,denied,696,
704,704,true,true,False,False,Degree=Pos,ADJ,JJ,acomp,was,703,
705,705,and,and,False,True,ConjType=Cmp,CCONJ,CC,cc,denied,696,
706,706,said,say,False,False,Tense=Past|VerbForm=Fin,VERB,VBD,conj,denied,696,
707,707,that,that,False,True,,SCONJ,IN,mark,was,709,
708,708,she,she,False,True,Case=Nom|Gender=Fem|Number=Sing|Person=3|PronType=Prs,PRON,PRP,nsubj,was,709,
709,709,was,be,False,True,Mood=Ind|Number=Sing|Person=3|Tense=Past|VerbForm=Fin,AUX,VBD,ccomp,said,706,
710,710,careful,careful,False,False,Degree=Pos,ADJ,JJ,acomp,was,709,
711,711,",",",",True,False,PunctType=Comm,PUNCT,",",punct,said,706,
712,712,but,but,False,True,ConjType=Cmp,CCONJ,CC,cc,denied,696,
713,713,because,because,False,True,,SCONJ,IN,mark,was,716,
714,714,Mr,Mr,False,False,Number=Sing,PROPN,NNP,compound,Sticky,715,
715,715,Sticky,Sticky,False,False,Number=Sing,PROPN,NNP,nsubj,was,716,PERSON
716,716,was,be,False,True,Mood=Ind|Number=Sing|Person=3|Tense=Past|VerbForm=Fin,AUX,VBD,conj,denied,696,
717,717,so,so,False,True,,ADV,RB,advmod,small,718,
718,718,small,small,False,False,Degree=Pos,ADJ,JJ,acomp,was,716,
719,719,he,he,False,True,Case=Nom|Gender=Masc|Number=Sing|Person=3|PronType=Prs,PRON,PRP,nsubj,was,720,
720,720,was,be,False,True,Mood=Ind|Number=Sing|Person=3|Tense=Past|VerbForm=Fin,AUX,VBD,ccomp,small,718,
721,721,hard,hard,False,False,Degree=Pos,ADJ,JJ,acomp,was,720,
722,722,to,to,False,True,,PART,TO,aux,see,723,
723,723,see,see,False,True,VerbForm=Inf,VERB,VB,xcomp,hard,721,
724,724,.,.,True,False,PunctType=Peri,PUNCT,.,punct,denied,696,
725,725,',',True,False,PunctSide=Ini|PunctType=Quot,PUNCT,``,punct,'s,727,
726,726,What,what,False,True,,PRON,WP,nsubj,'s,727,
727,727,'s,be,False,True,Mood=Ind|Number=Sing|Person=3|Tense=Pres|VerbForm=Fin,AUX,VBZ,ROOT,'s,727,
728,728,wrong,wrong,False,False,Degree=Pos,ADJ,JJ,acomp,'s,727,
729,729,with,with,False,True,,ADP,IN,prep,wrong,728,
730,730,being,be,False,True,VerbForm=Ger,AUX,VBG,pcomp,with,729,
731,731,small,small,False,False,Degree=Pos,ADJ,JJ,acomp,being,730,
732,732,?,?,True,False,PunctType=Peri,PUNCT,.,punct,'s,727,
733,733,',',True,False,PunctSide=Fin|PunctType=Quot,PUNCT,'',punct,'s,727,
734,734,',',True,False,Tense=Pres|VerbForm=Fin,VERB,VBP,punct,Nothing,735,
735,735,Nothing,nothing,False,True,Number=Sing|PronType=Ind,PRON,NN,ROOT,Nothing,735,
736,736,at,at,False,True,,ADV,RB,advmod,all,737,
737,737,all,all,False,True,,ADV,RB,advmod,Nothing,735,
738,738,",",",",True,False,PunctType=Comm,PUNCT,",",punct,Nothing,735,
739,739,but,but,False,True,ConjType=Cmp,CCONJ,CC,cc,Nothing,735,
740,740,it,it,False,True,Case=Nom|Gender=Neut|Number=Sing|Person=3|PronType=Prs,PRON,PRP,nsubj,makes,741,
741,741,makes,make,False,False,Number=Sing|Person=3|Tense=Pres|VerbForm=Fin,VERB,VBZ,conj,Nothing,735,
742,742,things,thing,False,False,Number=Plur,NOUN,NNS,nsubj,hard,743,
743,743,hard,hard,False,False,Degree=Pos,ADJ,JJ,ccomp,makes,741,
744,744,to,to,False,True,,PART,TO,aux,find,745,
745,745,find,find,False,False,VerbForm=Inf,VERB,VB,advcl,hard,743,
746,746,.,.,True,False,PunctType=Peri,PUNCT,.,punct,makes,741,
747,747,',',True,False,PunctSide=Fin|PunctType=Quot,PUNCT,'',punct,makes,741,
748,748,',',True,False,PunctSide=Fin|PunctType=Quot,PUNCT,'',punct,notice,750,
749,749,Or,or,False,True,ConjType=Cmp,CCONJ,CC,cc,notice,750,
750,750,notice,notice,False,False,VerbForm=Inf,VERB,VB,ROOT,notice,750,
751,751,",",",",True,False,PunctType=Comm,PUNCT,",",punct,notice,750,
752,752,',',True,False,PunctSide=Fin|PunctType=Quot,PUNCT,'',punct,notice,750,
753,753,Abby,Abby,False,False,Number=Sing,PROPN,NNP,nsubj,said,754,PERSON
754,754,said,say,False,False,Tense=Past|VerbForm=Fin,VERB,VBD,ccomp,notice,750,
755,755,",",",",True,False,PunctType=Comm,PUNCT,",",punct,said,754,
756,756,suddenly,suddenly,False,False,,ADV,RB,advmod,feeling,757,
757,757,feeling,feel,False,False,Aspect=Prog|Tense=Pres|VerbForm=Part,VERB,VBG,advcl,said,754,
758,758,like,like,False,False,,ADP,IN,prep,feeling,757,
759,759,the,the,False,True,Definite=Def|PronType=Art,DET,DT,det,small,760,
760,760,small,small,False,False,Degree=Pos,ADJ,JJ,pobj,like,758,
761,761,",",",",True,False,PunctType=Comm,PUNCT,",",punct,said,754,
762,762,overlooked,overlook,False,False,Tense=Past|VerbForm=Fin,VERB,VBD,ccomp,said,754,
763,763,Mr,Mr,False,False,Number=Sing,PROPN,NNP,compound,Sticky,764,
764,764,Sticky,Sticky,False,False,Number=Sing,PROPN,NNP,dobj,overlooked,762,PERSON
765,765,herself,herself,False,True,Case=Acc|Gender=Fem|Number=Sing|Person=3|PronType=Prs|Reflex=Yes,PRON,PRP,appos,Sticky,764,
766,766,and,and,False,True,ConjType=Cmp,CCONJ,CC,cc,Sticky,764,
767,767,storming,storm,False,False,Aspect=Prog|Tense=Pres|VerbForm=Part,VERB,VBG,conj,Sticky,764,
768,768,from,from,False,True,,ADP,IN,prep,storming,767,
769,769,the,the,False,True,Definite=Def|PronType=Art,DET,DT,det,room,770,
770,770,room,room,False,False,Number=Sing,NOUN,NN,pobj,from,768,
771,771,.,.,True,False,PunctType=Peri,PUNCT,.,punct,notice,750,
772,772,The,the,False,True,Definite=Def|PronType=Art,DET,DT,det,door,773,
773,773,door,door,False,False,Number=Sing,NOUN,NN,nsubj,opened,777,
774,774,to,to,False,True,,ADP,IN,prep,door,773,
775,775,the,the,False,True,Definite=Def|PronType=Art,DET,DT,det,bedroom,776,
776,776,bedroom,bedroom,False,False,Number=Sing,NOUN,NN,pobj,to,774,
777,777,opened,open,False,False,Tense=Past|VerbForm=Fin,VERB,VBD,ROOT,opened,777,
778,778,a,a,False,True,Definite=Ind|PronType=Art,DET,DT,det,minutes,780,TIME
779,779,few,few,False,True,Degree=Pos,ADJ,JJ,amod,minutes,780,TIME
780,780,minutes,minute,False,False,Number=Plur,NOUN,NNS,npadvmod,later,781,TIME
781,781,later,later,False,False,Degree=Cmp,ADV,RBR,advmod,opened,777,TIME
782,782,and,and,False,True,ConjType=Cmp,CCONJ,CC,cc,opened,777,
783,783,Mom,Mom,False,False,Number=Sing,PROPN,NNP,poss,face,785,PERSON
784,784,'s,'s,False,True,,PART,POS,case,Mom,783,
785,785,face,face,False,False,Number=Sing,NOUN,NN,nsubj,appeared,786,
786,786,appeared,appear,False,False,Tense=Past|VerbForm=Fin,VERB,VBD,conj,opened,777,
787,787,.,.,True,False,PunctType=Peri,PUNCT,.,punct,appeared,786,
788,788,She,she,False,True,Case=Nom|Gender=Fem|Number=Sing|Person=3|PronType=Prs,PRON,PRP,nsubj,was,789,
789,789,was,be,False,True,Mood=Ind|Number=Sing|Person=3|Tense=Past|VerbForm=Fin,AUX,VBD,ROOT,was,789,
790,790,there,there,False,True,PronType=Dem,ADV,RB,advmod,was,789,
791,791,to,to,False,True,,PART,TO,aux,try,792,
792,792,try,try,False,False,VerbForm=Inf,VERB,VB,advcl,was,789,
793,793,to,to,False,True,,PART,TO,aux,make,794,
794,794,make,make,False,True,VerbForm=Inf,VERB,VB,xcomp,try,792,
795,795,up,up,False,True,,ADP,RP,prt,make,794,
796,796,for,for,False,True,,ADP,IN,prep,make,794,
797,797,having,having,False,False,Aspect=Prog|Tense=Pres|VerbForm=Part,AUX,VBG,aux,been,798,
798,798,been,be,False,True,Tense=Past|VerbForm=Part,AUX,VBN,pcomp,for,796,
799,799,insensitive,insensitive,False,False,Degree=Pos,ADJ,JJ,acomp,been,798,
800,800,earlier,early,False,False,Degree=Cmp,ADV,RBR,advmod,been,798,
801,801,.,.,True,False,PunctType=Peri,PUNCT,.,punct,was,789,
802,802,She,she,False,True,Case=Nom|Gender=Fem|Number=Sing|Person=3|PronType=Prs,PRON,PRP,nsubj,put,804,
803,803,had,have,False,True,Tense=Past|VerbForm=Fin,AUX,VBD,aux,put,804,
804,804,put,put,False,True,Aspect=Perf|Tense=Past|VerbForm=Part,VERB,VBN,ROOT,put,804,
805,805,her,her,False,True,Gender=Fem|Number=Sing|Person=3|Poss=Yes|PronType=Prs,PRON,PRP$,poss,work,806,
806,806,work,work,False,False,Number=Sing,NOUN,NN,dobj,put,804,
807,807,on,on,False,True,,ADP,IN,prep,put,804,
808,808,the,the,False,True,Definite=Def|PronType=Art,DET,DT,det,burner,810,
809,809,back,back,False,True,Degree=Pos,ADJ,JJ,compound,burner,810,
810,810,burner,burner,False,False,Number=Sing,NOUN,NN,pobj,on,807,
811,811,and,and,False,True,ConjType=Cmp,CCONJ,CC,cc,put,804,
812,812,occupied,occupy,False,False,Tense=Past|VerbForm=Fin,VERB,VBD,conj,put,804,
813,813,herself,herself,False,True,Case=Acc|Gender=Fem|Number=Sing|Person=3|PronType=Prs|Reflex=Yes,PRON,PRP,dobj,occupied,812,
814,814,with,with,False,True,,ADP,IN,prep,occupied,812,
815,815,Sticky,Sticky,False,False,Number=Sing,PROPN,NNP,pobj,with,814,PRODUCT
816,816,.,.,True,False,PunctType=Peri,PUNCT,.,punct,put,804,
817,817,Abby,Abby,False,False,Number=Sing,PROPN,NNP,nsubj,tried,831,PERSON
818,818,",",",",True,False,PunctType=Comm,PUNCT,",",punct,Abby,817,
819,819,who,who,False,True,,PRON,WP,nsubj,breathing,821,
820,820,was,be,False,True,Mood=Ind|Number=Sing|Person=3|Tense=Past|VerbForm=Fin,AUX,VBD,aux,breathing,821,
821,821,breathing,breathe,False,False,Aspect=Prog|Tense=Pres|VerbForm=Part,VERB,VBG,relcl,Abby,817,
822,822,fire,fire,False,False,Number=Sing,NOUN,NN,dobj,breathing,821,
823,823,all,all,False,True,,ADV,RB,advmod,on,824,
824,824,on,on,False,True,,ADP,IN,prep,breathing,821,
825,825,account,account,False,False,Number=Sing,NOUN,NN,pobj,on,824,
826,826,of,of,False,True,,ADP,IN,prep,account,825,
827,827,the,the,False,True,Definite=Def|PronType=Art,DET,DT,det,snail,829,
828,828,little,little,False,False,Degree=Pos,ADJ,JJ,amod,snail,829,
829,829,snail,snail,False,False,Number=Sing,NOUN,NN,pobj,of,826,
830,830,",",",",True,False,PunctType=Comm,PUNCT,",",punct,Abby,817,
831,831,tried,try,False,False,Tense=Past|VerbForm=Fin,VERB,VBD,ROOT,tried,831,
832,832,to,to,False,True,,PART,TO,aux,ignore,833,
833,833,ignore,ignore,False,False,VerbForm=Inf,VERB,VB,xcomp,tried,831,
834,834,her,she,False,True,Case=Acc|Gender=Fem|Number=Sing|Person=3|PronType=Prs,PRON,PRP,dobj,ignore,833,
835,835,",",",",True,False,PunctType=Comm,PUNCT,",",punct,tried,831,
836,836,but,but,False,True,ConjType=Cmp,CCONJ,CC,cc,tried,831,
837,837,it,it,False,True,Case=Nom|Gender=Neut|Number=Sing|Person=3|PronType=Prs,PRON,PRP,nsubj,was,838,
838,838,was,be,False,True,Mood=Ind|Number=Sing|Person=3|Tense=Past|VerbForm=Fin,AUX,VBD,conj,tried,831,
839,839,hard,hard,False,False,Degree=Pos,ADJ,JJ,acomp,was,838,
840,840,when,when,False,True,,SCONJ,WRB,advmod,walked,842,
841,841,Mom,Mom,False,False,Number=Sing,PROPN,NNP,nsubj,walked,842,
842,842,walked,walk,False,False,Tense=Past|VerbForm=Fin,VERB,VBD,advcl,was,838,
843,843,over,over,False,True,,ADV,RB,advmod,walked,842,
844,844,to,to,False,True,,ADP,IN,prep,walked,842,
845,845,the,the,False,True,Definite=Def|PronType=Art,DET,DT,det,bed,846,
846,846,bed,bed,False,False,Number=Sing,NOUN,NN,pobj,to,844,
847,847,and,and,False,True,ConjType=Cmp,CCONJ,CC,cc,walked,842,
848,848,sat,sit,False,False,Tense=Past|VerbForm=Fin,VERB,VBD,conj,walked,842,
849,849,next,next,False,True,,ADV,RB,advmod,sat,848,
850,850,to,to,False,True,,ADP,IN,prep,next,849,
851,851,her,she,False,True,Case=Acc|Gender=Fem|Number=Sing|Person=3|PronType=Prs,PRON,PRP,pobj,to,850,
852,852,.,.,True,False,PunctType=Peri,PUNCT,.,punct,was,838,
853,853,Mom,mom,False,False,Number=Sing,NOUN,NN,nsubj,gone,865,
854,854,",",",",True,False,PunctType=Comm,PUNCT,",",punct,Mom,853,
855,855,who,who,False,True,,PRON,WP,dobj,remain,860,
856,856,Abby,Abby,False,False,Number=Sing,PROPN,NNP,nsubj,strained,858,PERSON
857,857,still,still,False,True,,ADV,RB,advmod,strained,858,
858,858,strained,strain,False,False,Tense=Past|VerbForm=Fin,VERB,VBD,relcl,Mom,853,
859,859,to,to,False,True,,PART,TO,aux,remain,860,
860,860,remain,remain,False,False,VerbForm=Inf,VERB,VB,xcomp,strained,858,
861,861,upset,upset,False,False,Degree=Pos,ADJ,JJ,acomp,remain,860,
862,862,with,with,False,True,,ADP,IN,prep,upset,861,
863,863,",",",",True,False,PunctType=Comm,PUNCT,",",punct,Mom,853,
864,864,had,have,False,True,Tense=Past|VerbForm=Fin,AUX,VBD,aux,gone,865,
865,865,gone,go,False,False,Aspect=Perf|Tense=Past|VerbForm=Part,VERB,VBN,ROOT,gone,865,
866,866,out,out,False,True,,ADP,RP,prt,gone,865,
867,867,to,to,False,True,,PART,TO,aux,find,868,
868,868,find,find,False,False,VerbForm=Inf,VERB,VB,advcl,gone,865,
869,869,her,her,False,True,Gender=Fem|Number=Sing|Person=3|Poss=Yes|PronType=Prs,PRON,PRP$,poss,glasses,870,
870,870,glasses,glass,False,False,Number=Plur,NOUN,NNS,dobj,find,868,
871,871,in,in,False,True,,ADP,IN,prep,find,868,
872,872,order,order,False,False,Number=Sing,NOUN,NN,pobj,in,871,
873,873,to,to,False,True,,PART,TO,aux,search,874,
874,874,search,search,False,False,VerbForm=Inf,VERB,VB,acl,order,872,
875,875,for,for,False,True,,ADP,IN,prep,search,874,
876,876,Sticky,Sticky,False,False,Number=Sing,PROPN,NNP,pobj,for,875,PRODUCT
877,877,more,more,False,True,Degree=Cmp,ADV,RBR,advmod,effectively,878,
878,878,effectively,effectively,False,False,,ADV,RB,advmod,search,874,
879,879,.,.,True,False,PunctType=Peri,PUNCT,.,punct,gone,865,
880,880,',',True,False,PunctSide=Ini|PunctType=Quot,PUNCT,``,punct,said,900,
881,881,This,this,False,True,Number=Sing|PronType=Dem,PRON,DT,nsubj,is,882,
882,882,is,be,False,True,Mood=Ind|Number=Sing|Person=3|Tense=Pres|VerbForm=Fin,AUX,VBZ,ccomp,said,900,
883,883,my,my,False,True,Number=Sing|Person=1|Poss=Yes|PronType=Prs,PRON,PRP$,poss,pair,888,
884,884,new,new,False,False,Degree=Pos,ADJ,JJ,amod,pair,888,
885,885,and,and,False,True,ConjType=Cmp,CCONJ,CC,cc,new,884,
886,886,extra,extra,False,False,Degree=Pos,ADJ,JJ,advmod,powerful,887,
887,887,powerful,powerful,False,False,Degree=Pos,ADJ,JJ,conj,new,884,
888,888,pair,pair,False,False,Number=Sing,NOUN,NN,attr,is,882,
889,889,I,I,False,True,Case=Nom|Number=Sing|Person=1|PronType=Prs,PRON,PRP,nsubj,have,890,
890,890,have,have,False,True,Mood=Ind|Tense=Pres|VerbForm=Fin,VERB,VBP,relcl,pair,888,
891,891,for,for,False,True,,ADP,IN,prep,pair,888,
892,892,important,important,False,False,Degree=Pos,ADJ,JJ,amod,occasions,893,
893,893,occasions,occasion,False,False,Number=Plur,NOUN,NNS,pobj,for,891,
894,894,like,like,False,False,,ADP,IN,prep,occasions,893,
895,895,snail,snail,False,False,Number=Sing,NOUN,NN,compound,hunting,896,
896,896,hunting,hunting,False,False,Number=Sing,NOUN,NN,pobj,like,894,
897,897,",",",",True,False,PunctType=Comm,PUNCT,",",punct,is,882,
898,898,',',True,False,PunctSide=Fin|PunctType=Quot,PUNCT,'',punct,said,900,
899,899,she,she,False,True,Case=Nom|Gender=Fem|Number=Sing|Person=3|PronType=Prs,PRON,PRP,nsubj,said,900,
900,900,said,say,False,False,Tense=Past|VerbForm=Fin,VERB,VBD,ROOT,said,900,
901,901,.,.,True,False,PunctType=Peri,PUNCT,.,punct,said,900,
902,902,She,she,False,True,Case=Nom|Gender=Fem|Number=Sing|Person=3|PronType=Prs,PRON,PRP,nsubj,smiled,903,
903,903,smiled,smile,False,False,Tense=Past|VerbForm=Fin,VERB,VBD,ROOT,smiled,903,
904,904,at,at,False,True,,ADP,IN,prep,smiled,903,
905,905,Abby,Abby,False,False,Number=Sing,PROPN,NNP,pobj,at,904,PERSON
906,906,",",",",True,False,PunctType=Comm,PUNCT,",",punct,smiled,903,
907,907,trying,try,False,False,Aspect=Prog|Tense=Pres|VerbForm=Part,VERB,VBG,advcl,smiled,903,
908,908,to,to,False,True,,PART,TO,aux,butter,909,
909,909,butter,butter,False,False,VerbForm=Inf,VERB,VB,xcomp,trying,907,
910,910,her,she,False,True,Case=Acc|Gender=Fem|Number=Sing|Person=3|PronType=Prs,PRON,PRP,dobj,butter,909,
911,911,up,up,False,True,,ADP,RP,prt,butter,909,
912,912,",",",",True,False,PunctType=Comm,PUNCT,",",punct,smiled,903,
913,913,but,but,False,True,ConjType=Cmp,CCONJ,CC,cc,smiled,903,
914,914,Abby,Abby,False,False,Number=Sing,PROPN,NNP,nsubj,smile,917,PERSON
915,915,did,do,False,True,Tense=Past|VerbForm=Fin,AUX,VBD,aux,smile,917,
916,916,n't,not,False,True,Polarity=Neg,PART,RB,neg,smile,917,
917,917,smile,smile,False,False,VerbForm=Inf,VERB,VB,conj,smiled,903,
918,918,back,back,False,True,,ADV,RB,advmod,smile,917,
919,919,.,.,True,False,PunctType=Peri,PUNCT,.,punct,smile,917,
920,920,Abby,Abby,False,False,Number=Sing,PROPN,NNP,nsubj,believed,921,PERSON
921,921,believed,believe,False,False,Tense=Past|VerbForm=Fin,VERB,VBD,ROOT,believed,921,
922,922,her,her,False,True,Gender=Fem|Number=Sing|Person=3|Poss=Yes|PronType=Prs,PRON,PRP$,poss,mom,923,
923,923,mom,mom,False,False,Number=Sing,NOUN,NN,poss,idea,925,
924,924,'s,'s,False,True,,PART,POS,case,mom,923,
925,925,idea,idea,False,False,Number=Sing,NOUN,NN,nsubj,succeed,928,
926,926,would,would,False,True,VerbForm=Fin,AUX,MD,aux,succeed,928,
927,927,not,not,False,True,Polarity=Neg,PART,RB,neg,succeed,928,
928,928,succeed,succeed,False,False,VerbForm=Inf,VERB,VB,ccomp,believed,921,
929,929,",",",",True,False,PunctType=Comm,PUNCT,",",punct,believed,921,
930,930,but,but,False,True,ConjType=Cmp,CCONJ,CC,cc,believed,921,
931,931,then,then,False,True,PronType=Dem,ADV,RB,advmod,had,933,
932,932,she,she,False,True,Case=Nom|Gender=Fem|Number=Sing|Person=3|PronType=Prs,PRON,PRP,nsubj,had,933,
933,933,had,have,False,True,Tense=Past|VerbForm=Fin,VERB,VBD,conj,believed,921,
934,934,an,an,False,True,Definite=Ind|PronType=Art,DET,DT,det,idea,935,
935,935,idea,idea,False,False,Number=Sing,NOUN,NN,dobj,had,933,
936,936,of,of,False,True,,ADP,IN,prep,idea,935,
937,937,her,her,False,True,Gender=Fem|Number=Sing|Person=3|Poss=Yes|PronType=Prs,PRON,PRP$,poss,own,938,
938,938,own,own,False,True,Degree=Pos,ADJ,JJ,pobj,of,936,
939,939,.,.,True,False,PunctType=Peri,PUNCT,.,punct,had,933,
940,940,',',True,False,PunctSide=Ini|PunctType=Quot,PUNCT,``,punct,got,943,
941,941,I,I,False,True,Case=Nom|Number=Sing|Person=1|PronType=Prs,PRON,PRP,nsubj,got,943,
942,942,'ve,have,False,True,Mood=Ind|Tense=Pres|VerbForm=Fin,AUX,VBP,aux,got,943,
943,943,got,get,False,False,Aspect=Perf|Tense=Past|VerbForm=Part,VERB,VBN,ROOT,got,943,
944,944,a,a,False,True,Definite=Ind|PronType=Art,DET,DT,det,glass,946,
945,945,magnifying,magnifying,False,False,Degree=Pos,ADJ,JJ,amod,glass,946,
946,946,glass,glass,False,False,Number=Sing,NOUN,NN,dobj,got,943,
947,947,",",",",True,False,PunctType=Comm,PUNCT,",",punct,got,943,
948,948,',',True,False,PunctSide=Fin|PunctType=Quot,PUNCT,'',punct,remembered,951,
949,949,Abby,Abby,False,False,Number=Sing,PROPN,NNP,nsubj,remembered,951,PERSON
950,950,suddenly,suddenly,False,False,,ADV,RB,advmod,remembered,951,
951,951,remembered,remember,False,False,Tense=Past|VerbForm=Fin,VERB,VBD,conj,got,943,
952,952,and,and,False,True,ConjType=Cmp,CCONJ,CC,cc,remembered,951,
953,953,rushed,rush,False,False,Tense=Past|VerbForm=Fin,VERB,VBD,conj,remembered,951,
954,954,off,off,False,True,,ADP,RP,prt,rushed,953,
955,955,to,to,False,True,,PART,TO,aux,find,956,
956,956,find,find,False,False,VerbForm=Inf,VERB,VB,advcl,rushed,953,
957,957,it,it,False,True,Case=Acc|Gender=Neut|Number=Sing|Person=3|PronType=Prs,PRON,PRP,dobj,find,956,
958,958,.,.,True,False,PunctType=Peri,PUNCT,.,punct,got,943,
959,959,On,on,False,True,,ADP,IN,prep,sat,966,
960,960,the,the,False,True,Definite=Def|PronType=Art,DET,DT,det,floor,961,
961,961,floor,floor,False,False,Number=Sing,NOUN,NN,pobj,On,959,
962,962,beside,beside,False,True,,ADP,IN,prep,floor,961,
963,963,each,each,False,True,,DET,DT,det,other,964,
964,964,other,other,False,True,Degree=Pos,ADJ,JJ,pobj,beside,962,
965,965,they,they,False,True,Case=Nom|Number=Plur|Person=3|PronType=Prs,PRON,PRP,nsubj,sat,966,
966,966,sat,sit,False,False,Tense=Past|VerbForm=Fin,VERB,VBD,ROOT,sat,966,
967,967,",",",",True,False,PunctType=Comm,PUNCT,",",punct,sat,966,
968,968,shuffling,shuffle,False,False,Aspect=Prog|Tense=Pres|VerbForm=Part,VERB,VBG,advcl,sat,966,
969,969,around,around,False,True,,ADP,IN,prep,shuffling,968,
970,970,the,the,False,True,Definite=Def|PronType=Art,DET,DT,det,tank,971,
971,971,tank,tank,False,False,Number=Sing,NOUN,NN,pobj,around,969,
972,972,",",",",True,False,PunctType=Comm,PUNCT,",",punct,shuffling,968,
973,973,looking,look,False,False,Aspect=Prog|Tense=Pres|VerbForm=Part,VERB,VBG,conj,shuffling,968,
974,974,all,all,False,True,,ADV,RB,advmod,over,975,
975,975,over,over,False,True,,ADP,IN,prep,looking,973,
976,976,the,the,False,True,Definite=Def|PronType=Art,DET,DT,det,place,977,
977,977,place,place,False,False,Number=Sing,NOUN,NN,pobj,over,975,
978,978,and,and,False,True,ConjType=Cmp,CCONJ,CC,cc,looking,973,
979,979,peering,peer,False,False,Aspect=Prog|Tense=Pres|VerbForm=Part,VERB,VBG,conj,looking,973,
980,980,into,into,False,True,,ADP,IN,prep,peering,979,
981,981,the,the,False,True,Definite=Def|PronType=Art,DET,DT,det,corners,982,
982,982,corners,corner,False,False,Number=Plur,NOUN,NNS,pobj,into,980,
983,983,among,among,False,True,,ADP,IN,prep,peering,979,
984,984,the,the,False,True,Definite=Def|PronType=Art,DET,DT,det,pebbles,986,
985,985,big,big,False,False,Degree=Pos,ADJ,JJ,amod,pebbles,986,
986,986,pebbles,pebble,False,False,Number=Plur,NOUN,NNS,pobj,among,983,
987,987,and,and,False,True,ConjType=Cmp,CCONJ,CC,cc,pebbles,986,
988,988,the,the,False,True,Definite=Def|PronType=Art,DET,DT,det,weed,990,
989,989,pond,pond,False,False,Number=Sing,NOUN,NN,compound,weed,990,
990,990,weed,weed,False,False,Number=Sing,NOUN,NN,conj,pebbles,986,
991,991,.,.,True,False,PunctType=Peri,PUNCT,.,punct,sat,966,
992,992,Abby,Abby,False,False,Number=Sing,PROPN,NNP,nsubj,tried,993,PERSON
993,993,tried,try,False,False,Tense=Past|VerbForm=Fin,VERB,VBD,ROOT,tried,993,
994,994,to,to,False,True,,PART,TO,aux,imagine,995,
995,995,imagine,imagine,False,False,VerbForm=Inf,VERB,VB,xcomp,tried,993,
996,996,",",",",True,False,PunctType=Comm,PUNCT,",",punct,tried,993,
997,997,if,if,False,True,,SCONJ,IN,mark,were,999,
998,998,she,she,False,True,Case=Nom|Gender=Fem|Number=Sing|Person=3|PronType=Prs,PRON,PRP,nsubj,were,999,
999,999,were,be,False,True,Mood=Ind|Tense=Past|VerbForm=Fin,AUX,VBD,advcl,tried,993,
1000,1000,Sticky,Sticky,False,False,Number=Sing,PROPN,NNP,acomp,were,999,PERSON
1001,1001,",",",",True,False,PunctType=Comm,PUNCT,",",punct,Sticky,1000,
1002,1002,a,a,False,True,Definite=Ind|PronType=Art,DET,DT,det,snail,1005,
1003,1003,little,little,False,False,Degree=Pos,ADJ,JJ,amod,snail,1005,
1004,1004,water,water,False,False,Number=Sing,NOUN,NN,compound,snail,1005,
1005,1005,snail,snail,False,False,Number=Sing,NOUN,NN,appos,Sticky,1000,
1006,1006,",",",",True,False,PunctType=Comm,PUNCT,",",punct,Sticky,1000,
1007,1007,where,where,False,True,,SCONJ,WRB,advmod,hide,1010,
1008,1008,would,would,False,True,VerbForm=Fin,AUX,MD,aux,hide,1010,
1009,1009,she,she,False,True,Case=Nom|Gender=Fem|Number=Sing|Person=3|PronType=Prs,PRON,PRP,nsubj,hide,1010,
1010,1010,hide,hide,False,False,VerbForm=Inf,VERB,VB,relcl,Sticky,1000,
1011,1011,out,out,False,True,,ADP,RP,prt,hide,1010,
1012,1012,?,?,True,False,PunctType=Peri,PUNCT,.,punct,tried,993,
1013,1013,At,at,False,True,,ADP,IN,prep,thought,1017,
1014,1014,one,one,False,True,NumType=Card,NUM,CD,nummod,point,1015,CARDINAL
1015,1015,point,point,False,False,Number=Sing,NOUN,NN,pobj,At,1013,
1016,1016,she,she,False,True,Case=Nom|Gender=Fem|Number=Sing|Person=3|PronType=Prs,PRON,PRP,nsubj,thought,1017,
1017,1017,thought,think,False,False,Tense=Past|VerbForm=Fin,VERB,VBD,ROOT,thought,1017,
1018,1018,she,she,False,True,Case=Nom|Gender=Fem|Number=Sing|Person=3|PronType=Prs,PRON,PRP,nsubj,saw,1019,
1019,1019,saw,see,False,False,Tense=Past|VerbForm=Fin,VERB,VBD,ccomp,thought,1017,
1020,1020,him,he,False,True,Case=Acc|Gender=Masc|Number=Sing|Person=3|PronType=Prs,PRON,PRP,dobj,saw,1019,
1021,1021,",",",",True,False,PunctType=Comm,PUNCT,",",punct,thought,1017,
1022,1022,but,but,False,True,ConjType=Cmp,CCONJ,CC,cc,thought,1017,
1023,1023,it,it,False,True,Case=Nom|Gender=Neut|Number=Sing|Person=3|PronType=Prs,PRON,PRP,nsubj,was,1024,
1024,1024,was,be,False,True,Mood=Ind|Number=Sing|Person=3|Tense=Past|VerbForm=Fin,AUX,VBD,conj,thought,1017,
1025,1025,n't,not,False,True,Polarity=Neg,PART,RB,neg,was,1024,
1026,1026,the,the,False,True,Definite=Def|PronType=Art,DET,DT,det,snail,1028,
1027,1027,water,water,False,False,Number=Sing,NOUN,NN,compound,snail,1028,
1028,1028,snail,snail,False,False,Number=Sing,NOUN,NN,attr,was,1024,
1029,1029,.,.,True,False,PunctType=Peri,PUNCT,.,punct,was,1024,
1030,1030,It,it,False,True,Case=Nom|Gender=Neut|Number=Sing|Person=3|PronType=Prs,PRON,PRP,nsubj,was,1031,
1031,1031,was,be,False,True,Mood=Ind|Number=Sing|Person=3|Tense=Past|VerbForm=Fin,AUX,VBD,ROOT,was,1031,
1032,1032,a,a,False,True,Definite=Ind|PronType=Art,DET,DT,det,speck,1034,
1033,1033,large,large,False,False,Degree=Pos,ADJ,JJ,amod,speck,1034,
1034,1034,speck,speck,False,False,Number=Sing,NOUN,NN,attr,was,1031,
1035,1035,of,of,False,True,,ADP,IN,prep,speck,1034,
1036,1036,dust,dust,False,False,Number=Sing,NOUN,NN,pobj,of,1035,
1037,1037,that,that,False,True,PronType=Rel,PRON,WDT,nsubj,bobbing,1040,
1038,1038,was,be,False,True,Mood=Ind|Number=Sing|Person=3|Tense=Past|VerbForm=Fin,AUX,VBD,aux,bobbing,1040,
1039,1039,deceptively,deceptively,False,False,,ADV,RB,advmod,bobbing,1040,
1040,1040,bobbing,bob,False,False,Aspect=Prog|Tense=Pres|VerbForm=Part,VERB,VBG,relcl,speck,1034,
1041,1041,around,around,False,True,,ADV,RB,advmod,bobbing,1040,
1042,1042,in,in,False,True,,ADP,IN,prep,bobbing,1040,
1043,1043,the,the,False,True,Definite=Def|PronType=Art,DET,DT,det,water,1044,
1044,1044,water,water,False,False,Number=Sing,NOUN,NN,pobj,in,1042,
1045,1045,like,like,False,False,,ADP,IN,prep,bobbing,1040,
1046,1046,a,a,False,True,Definite=Ind|PronType=Art,DET,DT,det,animal,1048,
1047,1047,live,live,False,False,Degree=Pos,ADJ,JJ,amod,animal,1048,
1048,1048,animal,animal,False,False,Number=Sing,NOUN,NN,pobj,like,1045,
1049,1049,.,.,True,False,PunctType=Peri,PUNCT,.,punct,was,1031,
1050,1050,They,they,False,True,Case=Nom|Number=Plur|Person=3|PronType=Prs,PRON,PRP,nsubj,were,1051,
1051,1051,were,be,False,True,Mood=Ind|Tense=Past|VerbForm=Fin,AUX,VBD,ROOT,were,1051,
1052,1052,ready,ready,False,False,Degree=Pos,ADJ,JJ,acomp,were,1051,
1053,1053,to,to,False,True,,PART,TO,aux,call,1054,
1054,1054,call,call,False,True,VerbForm=Inf,VERB,VB,xcomp,ready,1052,
1055,1055,it,it,False,True,Case=Acc|Gender=Neut|Number=Sing|Person=3|PronType=Prs,PRON,PRP,dobj,call,1054,
1056,1056,quits,quit,False,False,Number=Sing|Person=3|Tense=Pres|VerbForm=Fin,VERB,VBZ,oprd,call,1054,
1057,1057,",",",",True,False,PunctType=Comm,PUNCT,",",punct,were,1051,
1058,1058,when,when,False,True,,SCONJ,WRB,advmod,cried,1061,
1059,1059,suddenly,suddenly,False,False,,ADV,RB,advmod,cried,1061,
1060,1060,Mom,Mom,False,False,Number=Sing,PROPN,NNP,nsubj,cried,1061,
1061,1061,cried,cry,False,False,Tense=Past|VerbForm=Fin,VERB,VBD,advcl,were,1051,
1062,1062,",",",",True,False,PunctType=Comm,PUNCT,",",punct,cried,1061,
1063,1063,',',True,False,PunctSide=Ini|PunctType=Quot,PUNCT,``,punct,cried,1061,
1064,1064,Ah,ah,False,False,,INTJ,UH,intj,cried,1061,
1065,1065,ha,ha,False,False,,INTJ,UH,intj,Ah,1064,
1066,1066,!,!,True,False,PunctType=Peri,PUNCT,.,punct,cried,1061,
1067,1067,',',True,False,PunctSide=Fin|PunctType=Quot,PUNCT,'',punct,cried,1061,
1068,1068,Tucked,tuck,False,False,Aspect=Perf|Tense=Past|VerbForm=Part,VERB,VBN,advcl,sat,1084,
1069,1069,in,in,False,True,,ADP,IN,prep,Tucked,1068,
1070,1070,a,a,False,True,Definite=Ind|PronType=Art,DET,DT,det,curve,1071,
1071,1071,curve,curve,False,False,Number=Sing,NOUN,NN,pobj,in,1069,
1072,1072,of,of,False,True,,ADP,IN,prep,curve,1071,
1073,1073,the,the,False,True,Definite=Def|PronType=Art,DET,DT,det,archway,1074,
1074,1074,archway,archway,False,False,Number=Sing,NOUN,NN,pobj,of,1072,
1075,1075,",",",",True,False,PunctType=Comm,PUNCT,",",punct,Tucked,1068,
1076,1076,perfectly,perfectly,False,False,,ADV,RB,advmod,hidden,1077,
1077,1077,hidden,hide,False,False,Aspect=Perf|Tense=Past|VerbForm=Part,VERB,VBN,advcl,Tucked,1068,
1078,1078,against,against,False,True,,ADP,IN,prep,hidden,1077,
1079,1079,a,a,False,True,Definite=Ind|PronType=Art,DET,DT,det,stone,1082,
1080,1080,pitch,pitch,False,False,Number=Sing,NOUN,NN,nmod,stone,1082,
1081,1081,dark,dark,False,False,Degree=Pos,ADJ,JJ,amod,stone,1082,
1082,1082,stone,stone,False,False,Number=Sing,NOUN,NN,pobj,against,1078,
1083,1083,",",",",True,False,PunctType=Comm,PUNCT,",",punct,sat,1084,
1084,1084,sat,sit,False,False,Tense=Past|VerbForm=Fin,VERB,VBD,ROOT,sat,1084,
1085,1085,Mr,Mr,False,False,Number=Sing,PROPN,NNP,compound,Sticky,1086,PERSON
1086,1086,Sticky,Sticky,False,False,Number=Sing,PROPN,NNP,nsubj,sat,1084,PERSON
1087,1087,",",",",True,False,PunctType=Comm,PUNCT,",",punct,Sticky,1086,
1088,1088,safe,safe,False,False,Degree=Pos,ADJ,JJ,conj,Sticky,1086,
1089,1089,and,and,False,True,ConjType=Cmp,CCONJ,CC,cc,safe,1088,
1090,1090,sound,sound,False,False,Degree=Pos,ADJ,JJ,conj,safe,1088,
1091,1091,.,.,True,False,PunctType=Peri,PUNCT,.,punct,sat,1084,
1092,1092,',',True,False,PunctSide=Fin|PunctType=Quot,PUNCT,'',punct,count,1098,
1093,1093,You,you,False,True,Person=2|PronType=Prs,PRON,PRP,npadvmod,count,1098,
1094,1094,",",",",True,False,PunctType=Comm,PUNCT,",",punct,count,1098,
1095,1095,I,I,False,True,Case=Nom|Number=Sing|Person=1|PronType=Prs,PRON,PRP,nsubj,count,1098,
1096,1096,can,can,False,True,VerbForm=Fin,AUX,MD,aux,count,1098,
1097,1097,always,always,False,True,,ADV,RB,advmod,count,1098,
1098,1098,count,count,False,False,VerbForm=Inf,VERB,VB,ccomp,said,1103,
1099,1099,on,on,False,True,,ADP,RP,prt,count,1098,
1100,1100,",",",",True,False,PunctType=Comm,PUNCT,",",punct,count,1098,
1101,1101,',',True,False,PunctSide=Fin|PunctType=Quot,PUNCT,'',punct,said,1103,
1102,1102,Abby,Abby,False,False,Number=Sing,PROPN,NNP,nsubj,said,1103,PERSON
1103,1103,said,say,False,False,Tense=Past|VerbForm=Fin,VERB,VBD,ROOT,said,1103,
1104,1104,to,to,False,True,,ADP,IN,prep,said,1103,
1105,1105,her,her,False,True,Gender=Fem|Number=Sing|Person=3|Poss=Yes|PronType=Prs,PRON,PRP$,poss,mom,1106,
1106,1106,mom,mom,False,False,Number=Sing,NOUN,NN,pobj,to,1104,
1107,1107,",",",",True,False,PunctType=Comm,PUNCT,",",punct,said,1103,
1108,1108,with,with,False,True,,ADP,IN,prep,said,1103,
1109,1109,relief,relief,False,False,Number=Sing,NOUN,NN,pobj,with,1108,
1110,1110,.,.,True,False,PunctType=Peri,PUNCT,.,punct,said,1103,
1111,1111,Then,then,False,True,PronType=Dem,ADV,RB,advmod,noticed,1113,
1112,1112,she,she,False,True,Case=Nom|Gender=Fem|Number=Sing|Person=3|PronType=Prs,PRON,PRP,nsubj,noticed,1113,
1113,1113,noticed,notice,False,False,Tense=Past|VerbForm=Fin,VERB,VBD,ROOT,noticed,1113,
1114,1114,another,another,False,True,,DET,DT,det,snail,1116,
1115,1115,water,water,False,False,Number=Sing,NOUN,NN,compound,snail,1116,
1116,1116,snail,snail,False,False,Number=Sing,NOUN,NN,nsubj,was,1117,
1117,1117,was,be,False,True,Mood=Ind|Number=Sing|Person=3|Tense=Past|VerbForm=Fin,AUX,VBD,ccomp,noticed,1113,
1118,1118,right,right,False,False,,ADV,RB,advmod,next,1119,
1119,1119,next,next,False,True,,ADV,RB,advmod,was,1117,
1120,1120,to,to,False,True,,ADP,IN,prep,next,1119,
1121,1121,Sticky,Sticky,False,False,Number=Sing,PROPN,NNP,pobj,to,1120,PRODUCT
1122,1122,and,and,False,True,ConjType=Cmp,CCONJ,CC,cc,was,1117,
1123,1123,asked,ask,False,False,Tense=Past|VerbForm=Fin,VERB,VBD,conj,was,1117,
1124,1124,where,where,False,True,,SCONJ,WRB,pobj,from,1134,
1125,1125,this,this,False,True,Number=Sing|PronType=Dem,DET,DT,det,addition,1127,
1126,1126,new,new,False,False,Degree=Pos,ADJ,JJ,amod,addition,1127,
1127,1127,addition,addition,False,False,Number=Sing,NOUN,NN,nsubj,come,1133,
1128,1128,to,to,False,True,,ADP,IN,prep,addition,1127,
1129,1129,the,the,False,True,Definite=Def|PronType=Art,DET,DT,det,family,1130,
1130,1130,family,family,False,False,Number=Sing,NOUN,NN,pobj,to,1128,
1131,1131,could,could,False,True,VerbForm=Fin,AUX,MD,aux,come,1133,
1132,1132,have,have,False,True,VerbForm=Inf,AUX,VB,aux,come,1133,
1133,1133,come,come,False,False,Aspect=Perf|Tense=Past|VerbForm=Part,VERB,VBN,ccomp,asked,1123,
1134,1134,from,from,False,True,,ADP,IN,prep,come,1133,
1135,1135,.,.,True,False,PunctType=Peri,PUNCT,.,punct,noticed,1113,
1136,1136,',',True,False,PunctSide=Ini|PunctType=Quot,PUNCT,``,punct,beginning,1139,
1137,1137,I,I,False,True,Case=Nom|Number=Sing|Person=1|PronType=Prs,PRON,PRP,nsubj,beginning,1139,
1138,1138,'m,be,False,True,Mood=Ind|Number=Sing|Person=1|Tense=Pres|VerbForm=Fin,AUX,VBP,aux,beginning,1139,
1139,1139,beginning,begin,False,False,Aspect=Prog|Tense=Pres|VerbForm=Part,VERB,VBG,ccomp,think,1151,
1140,1140,to,to,False,True,,PART,TO,aux,suspect,1141,
1141,1141,suspect,suspect,False,False,VerbForm=Inf,VERB,VB,xcomp,beginning,1139,
1142,1142,the,the,False,True,Definite=Def|PronType=Art,DET,DT,det,weed,1144,
1143,1143,pond,pond,False,False,Number=Sing,NOUN,NN,compound,weed,1144,
1144,1144,weed,weed,False,False,Number=Sing,NOUN,NN,nsubj,is,1145,
1145,1145,is,be,False,True,Mood=Ind|Number=Sing|Person=3|Tense=Pres|VerbForm=Fin,AUX,VBZ,ccomp,suspect,1141,
1146,1146,guilty,guilty,False,False,Degree=Pos,ADJ,JJ,acomp,is,1145,
1147,1147,",",",",True,False,PunctType=Comm,PUNCT,",",punct,think,1151,
1148,1148,do,do,False,True,Mood=Ind|Tense=Pres|VerbForm=Fin,AUX,VBP,aux,think,1151,
1149,1149,n't,not,False,True,Polarity=Neg,PART,RB,neg,think,1151,
1150,1150,you,you,False,True,Case=Nom|Person=2|PronType=Prs,PRON,PRP,nsubj,think,1151,
1151,1151,think,think,False,False,VerbForm=Inf,VERB,VB,ROOT,think,1151,
1152,1152,?,?,True,False,PunctType=Peri,PUNCT,.,punct,think,1151,
1153,1153,',',True,False,PunctSide=Fin|PunctType=Quot,PUNCT,'',punct,think,1151,
1154,1154,replied,reply,False,False,Tense=Past|VerbForm=Fin,VERB,VBD,ccomp,think,1151,
1155,1155,Mom,Mom,False,False,Number=Sing,PROPN,NNP,dobj,replied,1154,
1156,1156,.,.,True,False,PunctType=Peri,PUNCT,.,punct,think,1151,
1157,1157,They,they,False,True,Case=Nom|Number=Plur|Person=3|PronType=Prs,PRON,PRP,nsubj,laughed,1159,
1158,1158,both,both,False,True,,PRON,DT,appos,They,1157,
1159,1159,laughed,laugh,False,False,Tense=Past|VerbForm=Fin,VERB,VBD,ccomp,was,1175,
1160,1160,and,and,False,True,ConjType=Cmp,CCONJ,CC,cc,laughed,1159,
1161,1161,climbed,climb,False,False,Tense=Past|VerbForm=Fin,VERB,VBD,conj,laughed,1159,
1162,1162,into,into,False,True,,ADP,IN,prep,climbed,1161,
1163,1163,Abby,Abby,False,False,Number=Sing,PROPN,NNP,poss,bed,1165,PERSON
1164,1164,'s,'s,False,True,,PART,POS,case,Abby,1163,
1165,1165,bed,bed,False,False,Number=Sing,NOUN,NN,pobj,into,1162,
1166,1166,together,together,False,True,,ADV,RB,advmod,climbed,1161,
1167,1167,and,and,False,True,ConjType=Cmp,CCONJ,CC,cc,laughed,1159,
1168,1168,",",",",True,False,PunctType=Comm,PUNCT,",",punct,laughed,1159,
1169,1169,though,though,False,True,,SCONJ,IN,mark,was,1171,
1170,1170,it,it,False,True,Case=Nom|Gender=Neut|Number=Sing|Person=3|PronType=Prs,PRON,PRP,nsubj,was,1171,
1171,1171,was,be,False,True,Mood=Ind|Number=Sing|Person=3|Tense=Past|VerbForm=Fin,AUX,VBD,advcl,was,1175,
1172,1172,cozy,cozy,False,False,Degree=Pos,ADJ,JJ,acomp,was,1171,
1173,1173,",",",",True,False,PunctType=Comm,PUNCT,",",punct,was,1175,
1174,1174,it,it,False,True,Case=Nom|Gender=Neut|Number=Sing|Person=3|PronType=Prs,PRON,PRP,nsubj,was,1175,
1175,1175,was,be,False,True,Mood=Ind|Number=Sing|Person=3|Tense=Past|VerbForm=Fin,AUX,VBD,ROOT,was,1175,
1176,1176,a,a,False,True,Definite=Ind|PronType=Art,DET,DT,det,bit,1177,
1177,1177,bit,bit,False,False,Number=Sing,NOUN,NN,attr,was,1175,
1178,1178,of,of,False,True,,ADP,IN,prep,bit,1177,
1179,1179,a,a,False,True,Definite=Ind|PronType=Art,DET,DT,det,squeeze,1180,
1180,1180,squeeze,squeeze,False,False,Number=Sing,NOUN,NN,pobj,of,1178,
1181,1181,.,.,True,False,PunctType=Peri,PUNCT,.,punct,was,1175,
1182,1182,',',True,False,PunctSide=Fin|PunctType=Quot,PUNCT,'',punct,said,1188,
1183,1183,Budge,Budge,False,False,Number=Sing,PROPN,NNP,meta,',1182,
1184,1184,up,up,False,True,,ADP,RP,prt,Budge,1183,
1185,1185,",",",",True,False,PunctType=Comm,PUNCT,",",punct,said,1188,
1186,1186,',',True,False,PunctSide=Fin|PunctType=Quot,PUNCT,'',punct,said,1188,
1187,1187,Mom,Mom,False,False,Number=Sing,PROPN,NNP,nsubj,said,1188,
1188,1188,said,say,False,False,Tense=Past|VerbForm=Fin,VERB,VBD,ROOT,said,1188,
1189,1189,",",",",True,False,PunctType=Comm,PUNCT,",",punct,said,1188,
1190,1190,giving,give,False,False,Aspect=Prog|Tense=Pres|VerbForm=Part,VERB,VBG,advcl,said,1188,
1191,1191,Abby,Abby,False,False,Number=Sing,PROPN,NNP,dative,giving,1190,PERSON
1192,1192,a,a,False,True,Definite=Ind|PronType=Art,DET,DT,det,push,1193,
1193,1193,push,push,False,False,Number=Sing,NOUN,NN,dobj,giving,1190,
1194,1194,with,with,False,True,,ADP,IN,prep,push,1193,
1195,1195,her,her,False,True,Gender=Fem|Number=Sing|Person=3|Poss=Yes|PronType=Prs,PRON,PRP$,poss,bottom,1196,
1196,1196,bottom,bottom,False,True,Number=Sing,NOUN,NN,pobj,with,1194,
1197,1197,.,.,True,False,PunctType=Peri,PUNCT,.,punct,said,1188,
1198,1198,',',True,False,PunctSide=Ini|PunctType=Quot,PUNCT,``,punct,ca,1200,
1199,1199,I,I,False,True,Case=Nom|Number=Sing|Person=1|PronType=Prs,PRON,PRP,nsubj,ca,1200,
1200,1200,ca,can,False,True,VerbType=Mod,AUX,MD,ROOT,ca,1200,
1201,1201,n't,not,False,True,Polarity=Neg,PART,RB,neg,ca,1200,
1202,1202,because,because,False,True,,SCONJ,IN,mark,'m,1204,
1203,1203,I,I,False,True,Case=Nom|Number=Sing|Person=1|PronType=Prs,PRON,PRP,nsubj,'m,1204,
1204,1204,'m,be,False,True,Mood=Ind|Number=Sing|Person=1|Tense=Pres|VerbForm=Fin,AUX,VBP,advcl,ca,1200,
1205,1205,already,already,False,True,,ADV,RB,advmod,'m,1204,
1206,1206,on,on,False,True,,ADP,IN,prep,'m,1204,
1207,1207,the,the,False,True,Definite=Def|PronType=Art,DET,DT,det,edge,1208,
1208,1208,edge,edge,False,False,Number=Sing,NOUN,NN,pobj,on,1206,
1209,1209,.,.,True,False,PunctType=Peri,PUNCT,.,punct,ca,1200,
1210,1210,',',True,False,PunctSide=Fin|PunctType=Quot,PUNCT,'',punct,ca,1200,
1211,1211,',',True,False,PunctSide=Ini|PunctType=Quot,PUNCT,``,punct,heavens,1213,
1212,1212,Good,good,False,False,Degree=Pos,ADJ,JJ,amod,heavens,1213,
1213,1213,heavens,heaven,False,False,Number=Plur,NOUN,NNS,dep,grown,1217,
1214,1214,",",",",True,False,PunctType=Comm,PUNCT,",",punct,grown,1217,
1215,1215,you,you,False,True,Case=Nom|Person=2|PronType=Prs,PRON,PRP,nsubj,grown,1217,
1216,1216,'ve,have,False,True,Mood=Ind|Tense=Pres|VerbForm=Fin,AUX,VBP,aux,grown,1217,
1217,1217,grown,grow,False,False,Aspect=Perf|Tense=Past|VerbForm=Part,VERB,VBN,ROOT,grown,1217,
1218,1218,then,then,False,True,PronType=Dem,ADV,RB,advmod,grown,1217,
1219,1219,.,.,True,False,PunctType=Peri,PUNCT,.,punct,grown,1217,
1220,1220,When,when,False,True,,SCONJ,WRB,advmod,happen,1223,
1221,1221,did,do,False,True,Tense=Past|VerbForm=Fin,AUX,VBD,aux,happen,1223,
1222,1222,that,that,False,True,Number=Sing|PronType=Dem,PRON,DT,nsubj,happen,1223,
1223,1223,happen,happen,False,False,VerbForm=Inf,VERB,VB,ROOT,happen,1223,
1224,1224,?,?,True,False,PunctType=Peri,PUNCT,.,punct,happen,1223,
1225,1225,You,you,False,True,Case=Nom|Person=2|PronType=Prs,PRON,PRP,nsubj,put,1228,
1226,1226,could,could,False,True,VerbForm=Fin,AUX,MD,aux,put,1228,
1227,1227,'ve,'ve,False,True,VerbForm=Inf,AUX,VB,aux,put,1228,
1228,1228,put,put,False,True,Aspect=Perf|Tense=Past|VerbForm=Part,VERB,VBN,ROOT,put,1228,
1229,1229,an,an,False,True,Definite=Ind|PronType=Art,DET,DT,det,elephant,1230,
1230,1230,elephant,elephant,False,False,Number=Sing,NOUN,NN,dobj,put,1228,
1231,1231,in,in,False,True,,ADP,IN,prep,put,1228,
1232,1232,here,here,False,True,PronType=Dem,ADV,RB,pcomp,in,1231,
1233,1233,last,last,False,True,Degree=Pos,ADJ,JJ,amod,time,1234,
1234,1234,time,time,False,False,Number=Sing,NOUN,NN,npadvmod,put,1228,
1235,1235,we,we,False,True,Case=Nom|Number=Plur|Person=1|PronType=Prs,PRON,PRP,nsubj,did,1236,
1236,1236,did,do,False,True,Tense=Past|VerbForm=Fin,VERB,VBD,ccomp,put,1228,
1237,1237,this,this,False,True,Number=Sing|PronType=Dem,PRON,DT,dobj,did,1236,
1238,1238,.,.,True,False,PunctType=Peri,PUNCT,.,punct,put,1228,
1239,1239,Before,before,False,True,,SCONJ,IN,mark,know,1241,
1240,1240,I,I,False,True,Case=Nom|Number=Sing|Person=1|PronType=Prs,PRON,PRP,nsubj,know,1241,
1241,1241,know,know,False,False,Tense=Pres|VerbForm=Fin,VERB,VBP,advcl,grown,1248,
1242,1242,it,it,False,True,Case=Acc|Gender=Neut|Number=Sing|Person=3|PronType=Prs,PRON,PRP,dobj,know,1241,
1243,1243,",",",",True,False,PunctType=Comm,PUNCT,",",punct,grown,1248,
1244,1244,you,you,False,True,Person=2|PronType=Prs,PRON,PRP,nsubjpass,grown,1248,
1245,1245,'ll,will,False,True,VerbType=Mod,AUX,MD,aux,grown,1248,
1246,1246,be,be,False,True,VerbForm=Inf,AUX,VB,auxpass,grown,1248,
1247,1247,all,all,False,True,,PRON,DT,dep,grown,1248,
1248,1248,grown,grow,False,False,Aspect=Perf|Tense=Past|VerbForm=Part,VERB,VBN,ROOT,grown,1248,
1249,1249,up,up,False,True,,ADP,RP,prt,grown,1248,
1250,1250,.,.,True,False,PunctType=Peri,PUNCT,.,punct,grown,1248,
1251,1251,',',True,False,PunctSide=Fin|PunctType=Quot,PUNCT,'',punct,grown,1248,
1252,1252,On,on,False,True,,ADP,IN,prep,put,1259,
1253,1253,her,her,False,True,Gender=Fem|Number=Sing|Person=3|Poss=Yes|PronType=Prs,PRON,PRP$,poss,mom,1254,
1254,1254,mom,mom,False,False,Number=Sing,NOUN,NN,poss,chest,1256,
1255,1255,'s,'s,False,True,,PART,POS,case,mom,1254,
1256,1256,chest,chest,False,False,Number=Sing,NOUN,NN,pobj,On,1252,
1257,1257,Abby,Abby,False,False,Number=Sing,PROPN,NNP,nsubj,put,1259,PERSON
1258,1258,then,then,False,True,PronType=Dem,ADV,RB,advmod,put,1259,
1259,1259,put,put,False,True,Tense=Past|VerbForm=Fin,VERB,VBD,ROOT,put,1259,
1260,1260,her,her,False,True,Gender=Fem|Number=Sing|Person=3|Poss=Yes|PronType=Prs,PRON,PRP$,poss,head,1261,
1261,1261,head,head,False,False,Number=Sing,NOUN,NN,dobj,put,1259,
1262,1262,and,and,False,True,ConjType=Cmp,CCONJ,CC,cc,put,1259,
1263,1263,smiled,smile,False,False,Tense=Past|VerbForm=Fin,VERB,VBD,conj,put,1259,
1264,1264,.,.,True,False,PunctType=Peri,PUNCT,.,punct,put,1259,
